지역구분,작목군,작목,구분,값
강원,과수,노지포도,총수입,6750663.0
강원,과수,노지포도,주산물가액,6678612.0
강원,과수,노지포도,부산물가액,72051.0
강원,과수,노지포도,주산물수량,1352.0
강원,과수,노지포도,수취가격,4940.0
강원,과수,노지포도,과수원조성비,480341.0
강원,과수,노지포도,보통(무기질)비료비,43438.0
강원,과수,노지포도,부산물(유기질)비료비,178139.0
강원,과수,노지포도,농약비,249859.0
강원,과수,노지포도,수도광열비,70841.0
강원,과수,노지포도,기타재료비,475918.0
강원,과수,노지포도,소농구비,3160.0
강원,과수,노지포도,대농구상각비,147767.0
강원,과수,노지포도,영농시설상각비,419934.0
강원,과수,노지포도,수리·유지비,11250.0
강원,과수,노지포도,기타비용,4833.0
강원,과수,노지포도,중간재비,2085480.0
강원,과수,노지포도,농기계·시설임차료,1869.0
강원,과수,노지포도,토지임차료,64663.0
강원,과수,노지포도,위탁영농비,0.0
강원,과수,노지포도,고용노동비,767568.0
강원,과수,노지포도,경영비,2919580.0
강원,과수,노지포도,자가노동비,3297035.0
강원,과수,노지포도,유동자본용역비,61601.0
강원,과수,노지포도,고정자본용역비,63502.0
강원,과수,노지포도,토지자본용역비,336293.0
강원,과수,노지포도,생산비,6678011.0
강원,과수,노지포도,자가노동시간,161.0
강원,과수,노지포도,고용노동시간,63.0
강원,과수,노지포도,총노동시간,224.0
강원,과수,노지포도,소득,3831083.0
강원,과수,노지포도,소득률,56.8
강원,과수,노지포도,순수익,72652.0
강원,과수,노지포도,순수익율,1.1
강원,과수,노지포도,부가가치,4665183.0
강원,과수,노지포도,부가가치율,69.1
강원,과수,노지포도,토지생산성,12770.0
강원,과수,노지포도,노동생산성,17103.0
강원,과수,노지포도,자본생산성,1.31
강원,과수,노지포도,kg당 경영비,2159.0
강원,과수,노지포도,kg당 생산비,4939.0
강원,과수,복숭아,총수입,3905506.0
강원,과수,복숭아,주산물가액,3905506.0
강원,과수,복숭아,부산물가액,0.0
강원,과수,복숭아,주산물수량,788.0
강원,과수,복숭아,수취가격,4956.0
강원,과수,복숭아,과수원조성비,230403.0
강원,과수,복숭아,보통(무기질)비료비,53394.0
강원,과수,복숭아,부산물(유기질)비료비,101419.0
강원,과수,복숭아,농약비,250756.0
강원,과수,복숭아,수도광열비,75915.0
강원,과수,복숭아,기타재료비,197240.0
강원,과수,복숭아,소농구비,4372.0
강원,과수,복숭아,대농구상각비,268309.0
강원,과수,복숭아,영농시설상각비,138905.0
강원,과수,복숭아,수리·유지비,19978.0
강원,과수,복숭아,기타비용,14480.0
강원,과수,복숭아,중간재비,1355171.0
강원,과수,복숭아,농기계·시설임차료,4317.0
강원,과수,복숭아,토지임차료,60102.0
강원,과수,복숭아,위탁영농비,0.0
강원,과수,복숭아,고용노동비,150687.0
강원,과수,복숭아,경영비,1570277.0
강원,과수,복숭아,자가노동비,2110170.0
강원,과수,복숭아,유동자본용역비,29786.0
강원,과수,복숭아,고정자본용역비,61905.0
강원,과수,복숭아,토지자본용역비,240172.0
강원,과수,복숭아,생산비,4012310.0
강원,과수,복숭아,자가노동시간,104.0
강원,과수,복숭아,고용노동시간,13.0
강원,과수,복숭아,총노동시간,117.0
강원,과수,복숭아,소득,2335229.0
강원,과수,복숭아,소득률,59.8
강원,과수,복숭아,순수익,-106804.0
강원,과수,복숭아,순수익율,-2.7
강원,과수,복숭아,부가가치,2550335.0
강원,과수,복숭아,부가가치율,65.3
강원,과수,복숭아,토지생산성,7784.0
강원,과수,복숭아,노동생산성,19959.0
강원,과수,복숭아,자본생산성,1.49
강원,과수,복숭아,kg당 경영비,1993.0
강원,과수,복숭아,kg당 생산비,5092.0
강원,과수,블루베리,총수입,7784220.0
강원,과수,블루베리,주산물가액,7784220.0
강원,과수,블루베리,부산물가액,0.0
강원,과수,블루베리,주산물수량,408.0
강원,과수,블루베리,수취가격,19079.0
강원,과수,블루베리,과수원조성비,423629.0
강원,과수,블루베리,보통(무기질)비료비,35876.0
강원,과수,블루베리,부산물(유기질)비료비,155077.0
강원,과수,블루베리,농약비,15500.0
강원,과수,블루베리,수도광열비,135481.0
강원,과수,블루베리,기타재료비,375528.0
강원,과수,블루베리,소농구비,4911.0
강원,과수,블루베리,대농구상각비,130321.0
강원,과수,블루베리,영농시설상각비,535017.0
강원,과수,블루베리,수리·유지비,19096.0
강원,과수,블루베리,기타비용,18658.0
강원,과수,블루베리,중간재비,1849094.0
강원,과수,블루베리,농기계·시설임차료,296.0
강원,과수,블루베리,토지임차료,27558.0
강원,과수,블루베리,위탁영농비,0.0
강원,과수,블루베리,고용노동비,846258.0
강원,과수,블루베리,경영비,2723206.0
강원,과수,블루베리,자가노동비,2477068.0
강원,과수,블루베리,유동자본용역비,52053.0
강원,과수,블루베리,고정자본용역비,173561.0
강원,과수,블루베리,토지자본용역비,250148.0
강원,과수,블루베리,생산비,5676036.0
강원,과수,블루베리,자가노동시간,125.0
강원,과수,블루베리,고용노동시간,70.0
강원,과수,블루베리,총노동시간,195.0
강원,과수,블루베리,소득,5061014.0
강원,과수,블루베리,소득률,65.0
강원,과수,블루베리,순수익,2108184.0
강원,과수,블루베리,순수익율,27.1
강원,과수,블루베리,부가가치,5935126.0
강원,과수,블루베리,부가가치율,76.2
강원,과수,블루베리,토지생산성,16870.0
강원,과수,블루베리,노동생산성,25954.0
강원,과수,블루베리,자본생산성,1.86
강원,과수,블루베리,kg당 경영비,6675.0
강원,과수,블루베리,kg당 생산비,13912.0
강원,과수,사과,총수입,6132783.0
강원,과수,사과,주산물가액,6132783.0
강원,과수,사과,주산물수량,2174.0
강원,과수,사과,수취가격,2821.0
강원,과수,사과,과수원조성비,441861.0
강원,과수,사과,보통(무기질)비료비,85101.0
강원,과수,사과,부산물(유기질)비료비,104944.0
강원,과수,사과,농약비,362835.0
강원,과수,사과,수도광열비,132962.0
강원,과수,사과,기타재료비,282750.0
강원,과수,사과,소농구비,5756.0
강원,과수,사과,대농구상각비,488396.0
강원,과수,사과,영농시설상각비,249894.0
강원,과수,사과,수리·유지비,43263.0
강원,과수,사과,기타비용,39609.0
강원,과수,사과,중간재비,2237371.0
강원,과수,사과,농기계·시설임차료,6318.0
강원,과수,사과,토지임차료,65712.0
강원,과수,사과,위탁영농비,6551.0
강원,과수,사과,고용노동비,775914.0
강원,과수,사과,경영비,3091866.0
강원,과수,사과,자가노동비,1906689.0
강원,과수,사과,유동자본용역비,59428.0
강원,과수,사과,고정자본용역비,178643.0
강원,과수,사과,토지자본용역비,311498.0
강원,과수,사과,생산비,5548124.0
강원,과수,사과,자가노동시간,93.0
강원,과수,사과,고용노동시간,53.0
강원,과수,사과,총노동시간,146.0
강원,과수,사과,소득,3040917.0
강원,과수,사과,소득률,49.6
강원,과수,사과,순수익,584659.0
강원,과수,사과,순수익율,9.5
강원,과수,사과,부가가치,3895412.0
강원,과수,사과,부가가치율,63.5
강원,과수,사과,토지생산성,10136.0
강원,과수,사과,노동생산성,20828.0
강원,과수,사과,자본생산성,0.98
강원,과수,사과,kg당 경영비,1422.0
강원,과수,사과,kg당 생산비,2552.0
강원,과수,오미자,총수입,4334342.0
강원,과수,오미자,주산물가액,4334342.0
강원,과수,오미자,주산물수량,427.0
강원,과수,오미자,수취가격,10151.0
강원,과수,오미자,과수원조성비,408800.0
강원,과수,오미자,보통(무기질)비료비,100383.0
강원,과수,오미자,부산물(유기질)비료비,241473.0
강원,과수,오미자,농약비,90263.0
강원,과수,오미자,수도광열비,77298.0
강원,과수,오미자,기타재료비,125258.0
강원,과수,오미자,소농구비,3951.0
강원,과수,오미자,대농구상각비,145673.0
강원,과수,오미자,영농시설상각비,216602.0
강원,과수,오미자,수리·유지비,10801.0
강원,과수,오미자,기타비용,4658.0
강원,과수,오미자,중간재비,1425160.0
강원,과수,오미자,농기계·시설임차료,3244.0
강원,과수,오미자,토지임차료,101240.0
강원,과수,오미자,위탁영농비,0.0
강원,과수,오미자,고용노동비,318041.0
강원,과수,오미자,경영비,1847685.0
강원,과수,오미자,자가노동비,2885112.0
강원,과수,오미자,유동자본용역비,38577.0
강원,과수,오미자,고정자본용역비,81540.0
강원,과수,오미자,토지자본용역비,295794.0
강원,과수,오미자,생산비,5148708.0
강원,과수,오미자,자가노동시간,135.0
강원,과수,오미자,고용노동시간,25.0
강원,과수,오미자,총노동시간,160.0
강원,과수,오미자,소득,2486657.0
강원,과수,오미자,소득률,57.4
강원,과수,오미자,순수익,-814366.0
강원,과수,오미자,순수익율,-18.8
강원,과수,오미자,부가가치,2909182.0
강원,과수,오미자,부가가치율,67.1
강원,과수,오미자,토지생산성,8289.0
강원,과수,오미자,노동생산성,15542.0
강원,과수,오미자,자본생산성,1.35
강원,과수,오미자,kg당 경영비,4327.0
강원,과수,오미자,kg당 생산비,12058.0
강원,과수,토종다래,총수입,5542292.0
강원,과수,토종다래,주산물가액,5401769.0
강원,과수,토종다래,부산물가액,140523.0
강원,과수,토종다래,주산물수량,588.0
강원,과수,토종다래,수취가격,9187.0
강원,과수,토종다래,과수원조성비,851475.0
강원,과수,토종다래,보통(무기질)비료비,44419.0
강원,과수,토종다래,부산물(유기질)비료비,170165.0
강원,과수,토종다래,농약비,123871.0
강원,과수,토종다래,수도광열비,81735.0
강원,과수,토종다래,기타재료비,175842.0
강원,과수,토종다래,소농구비,23032.0
강원,과수,토종다래,대농구상각비,125861.0
강원,과수,토종다래,영농시설상각비,687298.0
강원,과수,토종다래,수리·유지비,21252.0
강원,과수,토종다래,기타비용,13285.0
강원,과수,토종다래,중간재비,2318235.0
강원,과수,토종다래,농기계·시설임차료,7190.0
강원,과수,토종다래,토지임차료,33846.0
강원,과수,토종다래,위탁영농비,0.0
강원,과수,토종다래,고용노동비,632089.0
강원,과수,토종다래,경영비,2991360.0
강원,과수,토종다래,자가노동비,3728372.0
강원,과수,토종다래,유동자본용역비,55609.0
강원,과수,토종다래,고정자본용역비,157071.0
강원,과수,토종다래,토지자본용역비,332602.0
강원,과수,토종다래,생산비,7265014.0
강원,과수,토종다래,자가노동시간,184.0
강원,과수,토종다래,고용노동시간,43.0
강원,과수,토종다래,총노동시간,227.0
강원,과수,토종다래,소득,2550932.0
강원,과수,토종다래,소득률,46.0
강원,과수,토종다래,순수익,-1722722.0
강원,과수,토종다래,순수익율,-31.1
강원,과수,토종다래,부가가치,3224057.0
강원,과수,토종다래,부가가치율,58.2
강원,과수,토종다래,토지생산성,8503.0
강원,과수,토종다래,노동생산성,11238.0
강원,과수,토종다래,자본생산성,0.85
강원,과수,토종다래,kg당 경영비,5087.0
강원,과수,토종다래,kg당 생산비,12355.0
강원,노지채소,노지가을무,총수입,2705806.0
강원,노지채소,노지가을무,주산물가액,2621996.0
강원,노지채소,노지가을무,부산물가액,83810.0
강원,노지채소,노지가을무,주산물수량,3248.0
강원,노지채소,노지가을무,수취가격,807.0
강원,노지채소,노지가을무,종자·종묘비,47574.0
강원,노지채소,노지가을무,보통(무기질)비료비,59888.0
강원,노지채소,노지가을무,부산물(유기질)비료비,124522.0
강원,노지채소,노지가을무,농약비,63578.0
강원,노지채소,노지가을무,수도광열비,37367.0
강원,노지채소,노지가을무,기타재료비,42969.0
강원,노지채소,노지가을무,소농구비,265.0
강원,노지채소,노지가을무,대농구상각비,222349.0
강원,노지채소,노지가을무,영농시설상각비,26115.0
강원,노지채소,노지가을무,수리·유지비,3281.0
강원,노지채소,노지가을무,기타비용,893.0
강원,노지채소,노지가을무,중간재비,628801.0
강원,노지채소,노지가을무,농기계·시설임차료,2155.0
강원,노지채소,노지가을무,토지임차료,36778.0
강원,노지채소,노지가을무,위탁영농비,8950.0
강원,노지채소,노지가을무,고용노동비,102334.0
강원,노지채소,노지가을무,경영비,779018.0
강원,노지채소,노지가을무,자가노동비,1208095.0
강원,노지채소,노지가을무,유동자본용역비,4272.0
강원,노지채소,노지가을무,고정자본용역비,40341.0
강원,노지채소,노지가을무,토지자본용역비,89030.0
강원,노지채소,노지가을무,생산비,2120756.0
강원,노지채소,노지가을무,자가노동시간,59.0
강원,노지채소,노지가을무,고용노동시간,8.0
강원,노지채소,노지가을무,총노동시간,67.0
강원,노지채소,노지가을무,소득,1926788.0
강원,노지채소,노지가을무,소득률,71.2
강원,노지채소,노지가을무,순수익,585050.0
강원,노지채소,노지가을무,순수익율,21.6
강원,노지채소,노지가을무,부가가치,2077005.0
강원,노지채소,노지가을무,부가가치율,76.8
강원,노지채소,노지가을무,토지생산성,6423.0
강원,노지채소,노지가을무,노동생산성,28758.0
강원,노지채소,노지가을무,자본생산성,2.47
강원,노지채소,노지가을무,kg당 경영비,240.0
강원,노지채소,노지가을무,kg당 생산비,653.0
강원,노지채소,노지가을배추,총수입,2390594.0
강원,노지채소,노지가을배추,주산물가액,2390594.0
강원,노지채소,노지가을배추,주산물수량,5805.0
강원,노지채소,노지가을배추,수취가격,412.0
강원,노지채소,노지가을배추,종자·종묘비,122377.0
강원,노지채소,노지가을배추,보통(무기질)비료비,130817.0
강원,노지채소,노지가을배추,부산물(유기질)비료비,95050.0
강원,노지채소,노지가을배추,농약비,115374.0
강원,노지채소,노지가을배추,수도광열비,32007.0
강원,노지채소,노지가을배추,기타재료비,73889.0
강원,노지채소,노지가을배추,소농구비,990.0
강원,노지채소,노지가을배추,대농구상각비,177133.0
강원,노지채소,노지가을배추,영농시설상각비,13346.0
강원,노지채소,노지가을배추,수리·유지비,15925.0
강원,노지채소,노지가을배추,기타비용,2969.0
강원,노지채소,노지가을배추,중간재비,779877.0
강원,노지채소,노지가을배추,농기계·시설임차료,3957.0
강원,노지채소,노지가을배추,토지임차료,62587.0
강원,노지채소,노지가을배추,위탁영농비,31866.0
강원,노지채소,노지가을배추,고용노동비,294583.0
강원,노지채소,노지가을배추,경영비,1172870.0
강원,노지채소,노지가을배추,자가노동비,593722.0
강원,노지채소,노지가을배추,유동자본용역비,8763.0
강원,노지채소,노지가을배추,고정자본용역비,35449.0
강원,노지채소,노지가을배추,토지자본용역비,75928.0
강원,노지채소,노지가을배추,생산비,1886732.0
강원,노지채소,노지가을배추,자가노동시간,29.0
강원,노지채소,노지가을배추,고용노동시간,20.0
강원,노지채소,노지가을배추,총노동시간,49.0
강원,노지채소,노지가을배추,소득,1217724.0
강원,노지채소,노지가을배추,소득률,50.9
강원,노지채소,노지가을배추,순수익,503862.0
강원,노지채소,노지가을배추,순수익율,21.1
강원,노지채소,노지가을배추,부가가치,1610717.0
강원,노지채소,노지가을배추,부가가치율,67.4
강원,노지채소,노지가을배추,토지생산성,4059.0
강원,노지채소,노지가을배추,노동생산성,24852.0
강원,노지채소,노지가을배추,자본생산성,1.04
강원,노지채소,노지가을배추,kg당 경영비,202.0
강원,노지채소,노지가을배추,kg당 생산비,325.0
강원,노지채소,노지고랭지무,총수입,2987510.0
강원,노지채소,노지고랭지무,주산물가액,2987510.0
강원,노지채소,노지고랭지무,주산물수량,7249.0
강원,노지채소,노지고랭지무,수취가격,412.0
강원,노지채소,노지고랭지무,종자·종묘비,126524.0
강원,노지채소,노지고랭지무,보통(무기질)비료비,98426.0
강원,노지채소,노지고랭지무,부산물(유기질)비료비,157475.0
강원,노지채소,노지고랭지무,농약비,186780.0
강원,노지채소,노지고랭지무,수도광열비,34173.0
강원,노지채소,노지고랭지무,기타재료비,118432.0
강원,노지채소,노지고랭지무,소농구비,235.0
강원,노지채소,노지고랭지무,대농구상각비,170011.0
강원,노지채소,노지고랭지무,영농시설상각비,18454.0
강원,노지채소,노지고랭지무,수리·유지비,5243.0
강원,노지채소,노지고랭지무,기타비용,606.0
강원,노지채소,노지고랭지무,중간재비,916359.0
강원,노지채소,노지고랭지무,농기계·시설임차료,2719.0
강원,노지채소,노지고랭지무,토지임차료,169203.0
강원,노지채소,노지고랭지무,위탁영농비,79135.0
강원,노지채소,노지고랭지무,고용노동비,347220.0
강원,노지채소,노지고랭지무,경영비,1514636.0
강원,노지채소,노지고랭지무,자가노동비,254541.0
강원,노지채소,노지고랭지무,유동자본용역비,11960.0
강원,노지채소,노지고랭지무,고정자본용역비,36679.0
강원,노지채소,노지고랭지무,토지자본용역비,339682.0
강원,노지채소,노지고랭지무,생산비,2157498.0
강원,노지채소,노지고랭지무,자가노동시간,12.0
강원,노지채소,노지고랭지무,고용노동시간,23.0
강원,노지채소,노지고랭지무,총노동시간,35.0
강원,노지채소,노지고랭지무,소득,1472874.0
강원,노지채소,노지고랭지무,소득률,49.3
강원,노지채소,노지고랭지무,순수익,830012.0
강원,노지채소,노지고랭지무,순수익율,27.8
강원,노지채소,노지고랭지무,부가가치,2071151.0
강원,노지채소,노지고랭지무,부가가치율,69.3
강원,노지채소,노지고랭지무,토지생산성,4910.0
강원,노지채소,노지고랭지무,노동생산성,42082.0
강원,노지채소,노지고랭지무,자본생산성,0.97
강원,노지채소,노지고랭지무,kg당 경영비,209.0
강원,노지채소,노지고랭지무,kg당 생산비,298.0
강원,노지채소,노지고랭지배추,총수입,2444435.0
강원,노지채소,노지고랭지배추,주산물가액,2444435.0
강원,노지채소,노지고랭지배추,부산물가액,0.0
강원,노지채소,노지고랭지배추,주산물수량,5878.0
강원,노지채소,노지고랭지배추,수취가격,416.0
강원,노지채소,노지고랭지배추,종자·종묘비,109862.0
강원,노지채소,노지고랭지배추,보통(무기질)비료비,178472.0
강원,노지채소,노지고랭지배추,부산물(유기질)비료비,186285.0
강원,노지채소,노지고랭지배추,농약비,257029.0
강원,노지채소,노지고랭지배추,수도광열비,27739.0
강원,노지채소,노지고랭지배추,기타재료비,42961.0
강원,노지채소,노지고랭지배추,소농구비,591.0
강원,노지채소,노지고랭지배추,대농구상각비,107380.0
강원,노지채소,노지고랭지배추,영농시설상각비,22293.0
강원,노지채소,노지고랭지배추,수리·유지비,6395.0
강원,노지채소,노지고랭지배추,기타비용,1030.0
강원,노지채소,노지고랭지배추,중간재비,940037.0
강원,노지채소,노지고랭지배추,농기계·시설임차료,690.0
강원,노지채소,노지고랭지배추,토지임차료,121622.0
강원,노지채소,노지고랭지배추,위탁영농비,87763.0
강원,노지채소,노지고랭지배추,고용노동비,314009.0
강원,노지채소,노지고랭지배추,경영비,1464121.0
강원,노지채소,노지고랭지배추,자가노동비,274082.0
강원,노지채소,노지고랭지배추,유동자본용역비,13031.0
강원,노지채소,노지고랭지배추,고정자본용역비,20200.0
강원,노지채소,노지고랭지배추,토지자본용역비,223816.0
강원,노지채소,노지고랭지배추,생산비,1995250.0
강원,노지채소,노지고랭지배추,자가노동시간,13.0
강원,노지채소,노지고랭지배추,고용노동시간,21.0
강원,노지채소,노지고랭지배추,총노동시간,34.0
강원,노지채소,노지고랭지배추,소득,980314.0
강원,노지채소,노지고랭지배추,소득률,40.1
강원,노지채소,노지고랭지배추,순수익,449185.0
강원,노지채소,노지고랭지배추,순수익율,18.4
강원,노지채소,노지고랭지배추,부가가치,1504398.0
강원,노지채소,노지고랭지배추,부가가치율,61.5
강원,노지채소,노지고랭지배추,토지생산성,3268.0
강원,노지채소,노지고랭지배추,노동생산성,28833.0
강원,노지채소,노지고랭지배추,자본생산성,0.67
강원,노지채소,노지고랭지배추,kg당 경영비,249.0
강원,노지채소,노지고랭지배추,kg당 생산비,339.0
강원,노지채소,노지구마늘,총수입,5353060.0
강원,노지채소,노지구마늘,주산물가액,5034582.0
강원,노지채소,노지구마늘,부산물가액,318478.0
강원,노지채소,노지구마늘,주산물수량,1047.0
강원,노지채소,노지구마늘,수취가격,4809.0
강원,노지채소,노지구마늘,종자·종묘비,1145560.0
강원,노지채소,노지구마늘,보통(무기질)비료비,104574.0
강원,노지채소,노지구마늘,부산물(유기질)비료비,315014.0
강원,노지채소,노지구마늘,농약비,97758.0
강원,노지채소,노지구마늘,수도광열비,30620.0
강원,노지채소,노지구마늘,기타재료비,41763.0
강원,노지채소,노지구마늘,소농구비,0.0
강원,노지채소,노지구마늘,대농구상각비,179246.0
강원,노지채소,노지구마늘,영농시설상각비,69373.0
강원,노지채소,노지구마늘,수리·유지비,0.0
강원,노지채소,노지구마늘,기타비용,0.0
강원,노지채소,노지구마늘,중간재비,1983908.0
강원,노지채소,노지구마늘,농기계·시설임차료,5521.0
강원,노지채소,노지구마늘,토지임차료,55333.0
강원,노지채소,노지구마늘,위탁영농비,0.0
강원,노지채소,노지구마늘,고용노동비,309921.0
강원,노지채소,노지구마늘,경영비,2354683.0
강원,노지채소,노지구마늘,자가노동비,2310685.0
강원,노지채소,노지구마늘,유동자본용역비,40175.0
강원,노지채소,노지구마늘,고정자본용역비,23604.0
강원,노지채소,노지구마늘,토지자본용역비,179725.0
강원,노지채소,노지구마늘,생산비,4908872.0
강원,노지채소,노지구마늘,자가노동시간,114.0
강원,노지채소,노지구마늘,고용노동시간,23.0
강원,노지채소,노지구마늘,총노동시간,137.0
강원,노지채소,노지구마늘,소득,2998377.0
강원,노지채소,노지구마늘,소득률,56.0
강원,노지채소,노지구마늘,순수익,444188.0
강원,노지채소,노지구마늘,순수익율,8.3
강원,노지채소,노지구마늘,부가가치,3369152.0
강원,노지채소,노지구마늘,부가가치율,62.9
강원,노지채소,노지구마늘,토지생산성,9995.0
강원,노지채소,노지구마늘,노동생산성,21886.0
강원,노지채소,노지구마늘,자본생산성,1.27
강원,노지채소,노지구마늘,kg당 경영비,2249.0
강원,노지채소,노지구마늘,kg당 생산비,4689.0
강원,노지채소,노지당근,총수입,5708199.0
강원,노지채소,노지당근,주산물가액,5708199.0
강원,노지채소,노지당근,주산물수량,4608.0
강원,노지채소,노지당근,수취가격,1239.0
강원,노지채소,노지당근,종자·종묘비,414540.0
강원,노지채소,노지당근,보통(무기질)비료비,113719.0
강원,노지채소,노지당근,부산물(유기질)비료비,218379.0
강원,노지채소,노지당근,농약비,154430.0
강원,노지채소,노지당근,수도광열비,30105.0
강원,노지채소,노지당근,기타재료비,106912.0
강원,노지채소,노지당근,소농구비,8.0
강원,노지채소,노지당근,대농구상각비,216616.0
강원,노지채소,노지당근,영농시설상각비,34303.0
강원,노지채소,노지당근,수리·유지비,1713.0
강원,노지채소,노지당근,기타비용,0.0
강원,노지채소,노지당근,중간재비,1290725.0
강원,노지채소,노지당근,농기계·시설임차료,7931.0
강원,노지채소,노지당근,토지임차료,320199.0
강원,노지채소,노지당근,위탁영농비,178886.0
강원,노지채소,노지당근,고용노동비,609704.0
강원,노지채소,노지당근,경영비,2407445.0
강원,노지채소,노지당근,자가노동비,192444.0
강원,노지채소,노지당근,유동자본용역비,22574.0
강원,노지채소,노지당근,고정자본용역비,45341.0
강원,노지채소,노지당근,토지자본용역비,547513.0
강원,노지채소,노지당근,생산비,3215317.0
강원,노지채소,노지당근,자가노동시간,9.0
강원,노지채소,노지당근,고용노동시간,42.0
강원,노지채소,노지당근,총노동시간,51.0
강원,노지채소,노지당근,소득,3300754.0
강원,노지채소,노지당근,소득률,57.8
강원,노지채소,노지당근,순수익,2492882.0
강원,노지채소,노지당근,순수익율,43.7
강원,노지채소,노지당근,부가가치,4417474.0
강원,노지채소,노지당근,부가가치율,77.4
강원,노지채소,노지당근,토지생산성,11003.0
강원,노지채소,노지당근,노동생산성,64721.0
강원,노지채소,노지당근,자본생산성,1.37
강원,노지채소,노지당근,kg당 경영비,522.0
강원,노지채소,노지당근,kg당 생산비,698.0
강원,노지채소,노지대파,총수입,3557134.0
강원,노지채소,노지대파,주산물가액,3557134.0
강원,노지채소,노지대파,주산물수량,3669.0
강원,노지채소,노지대파,수취가격,970.0
강원,노지채소,노지대파,종자·종묘비,197362.0
강원,노지채소,노지대파,보통(무기질)비료비,128760.0
강원,노지채소,노지대파,부산물(유기질)비료비,128534.0
강원,노지채소,노지대파,농약비,149378.0
강원,노지채소,노지대파,수도광열비,39932.0
강원,노지채소,노지대파,기타재료비,47494.0
강원,노지채소,노지대파,소농구비,128.0
강원,노지채소,노지대파,대농구상각비,193802.0
강원,노지채소,노지대파,영농시설상각비,54409.0
강원,노지채소,노지대파,수리·유지비,8587.0
강원,노지채소,노지대파,기타비용,3383.0
강원,노지채소,노지대파,중간재비,951769.0
강원,노지채소,노지대파,농기계·시설임차료,4780.0
강원,노지채소,노지대파,토지임차료,158604.0
강원,노지채소,노지대파,위탁영농비,39612.0
강원,노지채소,노지대파,고용노동비,285555.0
강원,노지채소,노지대파,경영비,1440320.0
강원,노지채소,노지대파,자가노동비,1206735.0
강원,노지채소,노지대파,유동자본용역비,17790.0
강원,노지채소,노지대파,고정자본용역비,37293.0
강원,노지채소,노지대파,토지자본용역비,228992.0
강원,노지채소,노지대파,생산비,2931130.0
강원,노지채소,노지대파,자가노동시간,58.0
강원,노지채소,노지대파,고용노동시간,21.0
강원,노지채소,노지대파,총노동시간,79.0
강원,노지채소,노지대파,소득,2116814.0
강원,노지채소,노지대파,소득률,59.5
강원,노지채소,노지대파,순수익,626004.0
강원,노지채소,노지대파,순수익율,17.6
강원,노지채소,노지대파,부가가치,2605365.0
강원,노지채소,노지대파,부가가치율,73.2
강원,노지채소,노지대파,토지생산성,7056.0
강원,노지채소,노지대파,노동생산성,26795.0
강원,노지채소,노지대파,자본생산성,1.47
강원,노지채소,노지대파,kg당 경영비,393.0
강원,노지채소,노지대파,kg당 생산비,799.0
강원,노지채소,노지봄배추,총수입,2744113.0
강원,노지채소,노지봄배추,주산물가액,2744113.0
강원,노지채소,노지봄배추,주산물수량,7235.0
강원,노지채소,노지봄배추,수취가격,379.0
강원,노지채소,노지봄배추,종자·종묘비,53872.0
강원,노지채소,노지봄배추,보통(무기질)비료비,109359.0
강원,노지채소,노지봄배추,부산물(유기질)비료비,98725.0
강원,노지채소,노지봄배추,농약비,80873.0
강원,노지채소,노지봄배추,수도광열비,26651.0
강원,노지채소,노지봄배추,기타재료비,152440.0
강원,노지채소,노지봄배추,소농구비,0.0
강원,노지채소,노지봄배추,대농구상각비,103861.0
강원,노지채소,노지봄배추,영농시설상각비,75007.0
강원,노지채소,노지봄배추,수리·유지비,8346.0
강원,노지채소,노지봄배추,기타비용,0.0
강원,노지채소,노지봄배추,중간재비,709134.0
강원,노지채소,노지봄배추,농기계·시설임차료,3335.0
강원,노지채소,노지봄배추,토지임차료,74397.0
강원,노지채소,노지봄배추,위탁영농비,14914.0
강원,노지채소,노지봄배추,고용노동비,106003.0
강원,노지채소,노지봄배추,경영비,907783.0
강원,노지채소,노지봄배추,자가노동비,1066029.0
강원,노지채소,노지봄배추,유동자본용역비,6286.0
강원,노지채소,노지봄배추,고정자본용역비,30557.0
강원,노지채소,노지봄배추,토지자본용역비,99064.0
강원,노지채소,노지봄배추,생산비,2109719.0
강원,노지채소,노지봄배추,자가노동시간,50.0
강원,노지채소,노지봄배추,고용노동시간,8.0
강원,노지채소,노지봄배추,총노동시간,58.0
강원,노지채소,노지봄배추,소득,1836330.0
강원,노지채소,노지봄배추,소득률,66.9
강원,노지채소,노지봄배추,순수익,634394.0
강원,노지채소,노지봄배추,순수익율,23.1
강원,노지채소,노지봄배추,부가가치,2034979.0
강원,노지채소,노지봄배추,부가가치율,74.2
강원,노지채소,노지봄배추,토지생산성,6121.0
강원,노지채소,노지봄배추,노동생산성,31661.0
강원,노지채소,노지봄배추,자본생산성,2.02
강원,노지채소,노지봄배추,kg당 경영비,125.0
강원,노지채소,노지봄배추,kg당 생산비,292.0
강원,노지채소,노지양배추,총수입,2910333.0
강원,노지채소,노지양배추,주산물가액,2910333.0
강원,노지채소,노지양배추,주산물수량,6177.0
강원,노지채소,노지양배추,수취가격,471.0
강원,노지채소,노지양배추,종자·종묘비,90389.0
강원,노지채소,노지양배추,보통(무기질)비료비,155546.0
강원,노지채소,노지양배추,부산물(유기질)비료비,244474.0
강원,노지채소,노지양배추,농약비,181900.0
강원,노지채소,노지양배추,수도광열비,28529.0
강원,노지채소,노지양배추,기타재료비,99015.0
강원,노지채소,노지양배추,소농구비,2343.0
강원,노지채소,노지양배추,대농구상각비,144991.0
강원,노지채소,노지양배추,영농시설상각비,54037.0
강원,노지채소,노지양배추,수리·유지비,6041.0
강원,노지채소,노지양배추,기타비용,1898.0
강원,노지채소,노지양배추,중간재비,1009163.0
강원,노지채소,노지양배추,농기계·시설임차료,1045.0
강원,노지채소,노지양배추,토지임차료,127816.0
강원,노지채소,노지양배추,위탁영농비,45486.0
강원,노지채소,노지양배추,고용노동비,498110.0
강원,노지채소,노지양배추,경영비,1681620.0
강원,노지채소,노지양배추,자가노동비,305431.0
강원,노지채소,노지양배추,유동자본용역비,15722.0
강원,노지채소,노지양배추,고정자본용역비,26162.0
강원,노지채소,노지양배추,토지자본용역비,145955.0
강원,노지채소,노지양배추,생산비,2174890.0
강원,노지채소,노지양배추,자가노동시간,15.0
강원,노지채소,노지양배추,고용노동시간,38.0
강원,노지채소,노지양배추,총노동시간,53.0
강원,노지채소,노지양배추,소득,1228713.0
강원,노지채소,노지양배추,소득률,42.2
강원,노지채소,노지양배추,순수익,735443.0
강원,노지채소,노지양배추,순수익율,25.3
강원,노지채소,노지양배추,부가가치,1901170.0
강원,노지채소,노지양배추,부가가치율,65.3
강원,노지채소,노지양배추,토지생산성,4096.0
강원,노지채소,노지양배추,노동생산성,23183.0
강원,노지채소,노지양배추,자본생산성,0.73
강원,노지채소,노지양배추,kg당 경영비,272.0
강원,노지채소,노지양배추,kg당 생산비,352.0
강원,시설채소,시설고추,총수입,14403826.0
강원,시설채소,시설고추,주산물가액,14403826.0
강원,시설채소,시설고추,부산물가액,0.0
강원,시설채소,시설고추,주산물수량,4260.0
강원,시설채소,시설고추,수취가격,3381.0
강원,시설채소,시설고추,종자·종묘비,460391.0
강원,시설채소,시설고추,보통(무기질)비료비,406522.0
강원,시설채소,시설고추,부산물(유기질)비료비,276533.0
강원,시설채소,시설고추,농약비,562486.0
강원,시설채소,시설고추,수도광열비,119058.0
강원,시설채소,시설고추,기타재료비,608530.0
강원,시설채소,시설고추,소농구비,229.0
강원,시설채소,시설고추,대농구상각비,302530.0
강원,시설채소,시설고추,영농시설상각비,1206591.0
강원,시설채소,시설고추,수리·유지비,14778.0
강원,시설채소,시설고추,기타비용,0.0
강원,시설채소,시설고추,중간재비,3957648.0
강원,시설채소,시설고추,농기계·시설임차료,9629.0
강원,시설채소,시설고추,토지임차료,77998.0
강원,시설채소,시설고추,위탁영농비,0.0
강원,시설채소,시설고추,고용노동비,1905138.0
강원,시설채소,시설고추,경영비,5950413.0
강원,시설채소,시설고추,자가노동비,5311343.0
강원,시설채소,시설고추,유동자본용역비,76623.0
강원,시설채소,시설고추,고정자본용역비,110032.0
강원,시설채소,시설고추,토지자본용역비,725982.0
강원,시설채소,시설고추,생산비,12174393.0
강원,시설채소,시설고추,자가노동시간,250.0
강원,시설채소,시설고추,고용노동시간,139.0
강원,시설채소,시설고추,총노동시간,389.0
강원,시설채소,시설고추,소득,8453413.0
강원,시설채소,시설고추,소득률,58.7
강원,시설채소,시설고추,순수익,2229433.0
강원,시설채소,시설고추,순수익율,15.5
강원,시설채소,시설고추,부가가치,10446178.0
강원,시설채소,시설고추,부가가치율,72.5
강원,시설채소,시설고추,토지생산성,28178.0
강원,시설채소,시설고추,노동생산성,21731.0
강원,시설채소,시설고추,자본생산성,1.42
강원,시설채소,시설고추,kg당 경영비,1397.0
강원,시설채소,시설고추,kg당 생산비,2858.0
강원,시설채소,시설단고추(피망),총수입,11944748.0
강원,시설채소,시설단고추(피망),주산물가액,11944748.0
강원,시설채소,시설단고추(피망),주산물수량,4972.0
강원,시설채소,시설단고추(피망),수취가격,2402.0
강원,시설채소,시설단고추(피망),종자·종묘비,200076.0
강원,시설채소,시설단고추(피망),보통(무기질)비료비,258408.0
강원,시설채소,시설단고추(피망),부산물(유기질)비료비,477887.0
강원,시설채소,시설단고추(피망),농약비,399461.0
강원,시설채소,시설단고추(피망),수도광열비,280443.0
강원,시설채소,시설단고추(피망),기타재료비,996296.0
강원,시설채소,시설단고추(피망),소농구비,4764.0
강원,시설채소,시설단고추(피망),대농구상각비,253354.0
강원,시설채소,시설단고추(피망),영농시설상각비,1286910.0
강원,시설채소,시설단고추(피망),수리·유지비,103786.0
강원,시설채소,시설단고추(피망),기타비용,127364.0
강원,시설채소,시설단고추(피망),중간재비,4388749.0
강원,시설채소,시설단고추(피망),농기계·시설임차료,13974.0
강원,시설채소,시설단고추(피망),토지임차료,127646.0
강원,시설채소,시설단고추(피망),위탁영농비,0.0
강원,시설채소,시설단고추(피망),고용노동비,2194483.0
강원,시설채소,시설단고추(피망),경영비,6724852.0
강원,시설채소,시설단고추(피망),자가노동비,4135693.0
강원,시설채소,시설단고추(피망),유동자본용역비,85489.0
강원,시설채소,시설단고추(피망),고정자본용역비,110901.0
강원,시설채소,시설단고추(피망),토지자본용역비,196768.0
강원,시설채소,시설단고추(피망),생산비,11253703.0
강원,시설채소,시설단고추(피망),자가노동시간,203.0
강원,시설채소,시설단고추(피망),고용노동시간,187.0
강원,시설채소,시설단고추(피망),총노동시간,390.0
강원,시설채소,시설단고추(피망),소득,5219896.0
강원,시설채소,시설단고추(피망),소득률,43.7
강원,시설채소,시설단고추(피망),순수익,691045.0
강원,시설채소,시설단고추(피망),순수익율,5.8
강원,시설채소,시설단고추(피망),부가가치,7555999.0
강원,시설채소,시설단고추(피망),부가가치율,63.3
강원,시설채소,시설단고추(피망),토지생산성,17400.0
강원,시설채소,시설단고추(피망),노동생산성,13384.0
강원,시설채소,시설단고추(피망),자본생산성,0.78
강원,시설채소,시설단고추(피망),kg당 경영비,1353.0
강원,시설채소,시설단고추(피망),kg당 생산비,2263.0
강원,시설채소,시설아스파라거스,총수입,11921332.0
강원,시설채소,시설아스파라거스,주산물가액,11785224.0
강원,시설채소,시설아스파라거스,부산물가액,136108.0
강원,시설채소,시설아스파라거스,주산물수량,1240.0
강원,시설채소,시설아스파라거스,수취가격,9504.0
강원,시설채소,시설아스파라거스,종자·종묘비,98828.0
강원,시설채소,시설아스파라거스,보통(무기질)비료비,366101.0
강원,시설채소,시설아스파라거스,부산물(유기질)비료비,335933.0
강원,시설채소,시설아스파라거스,농약비,229312.0
강원,시설채소,시설아스파라거스,수도광열비,160667.0
강원,시설채소,시설아스파라거스,기타재료비,417635.0
강원,시설채소,시설아스파라거스,소농구비,9994.0
강원,시설채소,시설아스파라거스,대농구상각비,449821.0
강원,시설채소,시설아스파라거스,영농시설상각비,1645544.0
강원,시설채소,시설아스파라거스,수리·유지비,9632.0
강원,시설채소,시설아스파라거스,기타비용,11049.0
강원,시설채소,시설아스파라거스,중간재비,3734516.0
강원,시설채소,시설아스파라거스,농기계·시설임차료,25475.0
강원,시설채소,시설아스파라거스,토지임차료,70959.0
강원,시설채소,시설아스파라거스,위탁영농비,0.0
강원,시설채소,시설아스파라거스,고용노동비,1676754.0
강원,시설채소,시설아스파라거스,경영비,5507704.0
강원,시설채소,시설아스파라거스,자가노동비,5315148.0
강원,시설채소,시설아스파라거스,유동자본용역비,59016.0
강원,시설채소,시설아스파라거스,고정자본용역비,226316.0
강원,시설채소,시설아스파라거스,토지자본용역비,540957.0
강원,시설채소,시설아스파라거스,생산비,11649141.0
강원,시설채소,시설아스파라거스,자가노동시간,253.0
강원,시설채소,시설아스파라거스,고용노동시간,132.0
강원,시설채소,시설아스파라거스,총노동시간,385.0
강원,시설채소,시설아스파라거스,소득,6413628.0
강원,시설채소,시설아스파라거스,소득률,53.8
강원,시설채소,시설아스파라거스,순수익,272191.0
강원,시설채소,시설아스파라거스,순수익율,2.3
강원,시설채소,시설아스파라거스,부가가치,8186816.0
강원,시설채소,시설아스파라거스,부가가치율,68.7
강원,시설채소,시설아스파라거스,토지생산성,21379.0
강원,시설채소,시설아스파라거스,노동생산성,16659.0
강원,시설채소,시설아스파라거스,자본생산성,1.16
강원,시설채소,시설아스파라거스,kg당 경영비,4442.0
강원,시설채소,시설아스파라거스,kg당 생산비,9394.0
강원,시설채소,시설착색단고추(파프리카),총수입,30243023.0
강원,시설채소,시설착색단고추(파프리카),주산물가액,30243023.0
강원,시설채소,시설착색단고추(파프리카),부산물가액,0.0
강원,시설채소,시설착색단고추(파프리카),주산물수량,11281.0
강원,시설채소,시설착색단고추(파프리카),수취가격,2681.0
강원,시설채소,시설착색단고추(파프리카),종자·종묘비,2015680.0
강원,시설채소,시설착색단고추(파프리카),보통(무기질)비료비,1859710.0
강원,시설채소,시설착색단고추(파프리카),부산물(유기질)비료비,34335.0
강원,시설채소,시설착색단고추(파프리카),농약비,655560.0
강원,시설채소,시설착색단고추(파프리카),수도광열비,3872673.0
강원,시설채소,시설착색단고추(파프리카),기타재료비,3590977.0
강원,시설채소,시설착색단고추(파프리카),소농구비,3162.0
강원,시설채소,시설착색단고추(파프리카),대농구상각비,804783.0
강원,시설채소,시설착색단고추(파프리카),영농시설상각비,4383447.0
강원,시설채소,시설착색단고추(파프리카),수리·유지비,152326.0
강원,시설채소,시설착색단고추(파프리카),기타비용,90294.0
강원,시설채소,시설착색단고추(파프리카),중간재비,17462947.0
강원,시설채소,시설착색단고추(파프리카),농기계·시설임차료,1646.0
강원,시설채소,시설착색단고추(파프리카),토지임차료,206004.0
강원,시설채소,시설착색단고추(파프리카),위탁영농비,11102.0
강원,시설채소,시설착색단고추(파프리카),고용노동비,4011611.0
강원,시설채소,시설착색단고추(파프리카),경영비,21693310.0
강원,시설채소,시설착색단고추(파프리카),자가노동비,3085600.0
강원,시설채소,시설착색단고추(파프리카),유동자본용역비,392927.0
강원,시설채소,시설착색단고추(파프리카),고정자본용역비,678536.0
강원,시설채소,시설착색단고추(파프리카),토지자본용역비,505010.0
강원,시설채소,시설착색단고추(파프리카),생산비,26355383.0
강원,시설채소,시설착색단고추(파프리카),자가노동시간,151.0
강원,시설채소,시설착색단고추(파프리카),고용노동시간,379.0
강원,시설채소,시설착색단고추(파프리카),총노동시간,530.0
강원,시설채소,시설착색단고추(파프리카),소득,8549713.0
강원,시설채소,시설착색단고추(파프리카),소득률,28.3
강원,시설채소,시설착색단고추(파프리카),순수익,3887640.0
강원,시설채소,시설착색단고추(파프리카),순수익율,12.9
강원,시설채소,시설착색단고추(파프리카),부가가치,12780076.0
강원,시설채소,시설착색단고추(파프리카),부가가치율,42.3
강원,시설채소,시설착색단고추(파프리카),토지생산성,28499.0
강원,시설채소,시설착색단고추(파프리카),노동생산성,16132.0
강원,시설채소,시설착색단고추(파프리카),자본생산성,0.39
강원,시설채소,시설착색단고추(파프리카),kg당 경영비,1923.0
강원,시설채소,시설착색단고추(파프리카),kg당 생산비,2336.0
강원,일반작물,고랭지감자,총수입,2866676.0
강원,일반작물,고랭지감자,주산물가액,2866676.0
강원,일반작물,고랭지감자,부산물가액,0.0
강원,일반작물,고랭지감자,주산물수량,2960.0
강원,일반작물,고랭지감자,수취가격,968.0
강원,일반작물,고랭지감자,종자·종묘비,231776.0
강원,일반작물,고랭지감자,보통(무기질)비료비,146477.0
강원,일반작물,고랭지감자,부산물(유기질)비료비,220602.0
강원,일반작물,고랭지감자,농약비,156165.0
강원,일반작물,고랭지감자,수도광열비,48902.0
강원,일반작물,고랭지감자,기타재료비,77530.0
강원,일반작물,고랭지감자,소농구비,64.0
강원,일반작물,고랭지감자,대농구상각비,203078.0
강원,일반작물,고랭지감자,영농시설상각비,13329.0
강원,일반작물,고랭지감자,수리·유지비,9304.0
강원,일반작물,고랭지감자,기타비용,0.0
강원,일반작물,고랭지감자,중간재비,1107227.0
강원,일반작물,고랭지감자,농기계·시설임차료,1174.0
강원,일반작물,고랭지감자,토지임차료,225946.0
강원,일반작물,고랭지감자,위탁영농비,78257.0
강원,일반작물,고랭지감자,고용노동비,520249.0
강원,일반작물,고랭지감자,경영비,1932853.0
강원,일반작물,고랭지감자,자가노동비,492160.0
강원,일반작물,고랭지감자,유동자본용역비,23179.0
강원,일반작물,고랭지감자,고정자본용역비,39234.0
강원,일반작물,고랭지감자,토지자본용역비,349242.0
강원,일반작물,고랭지감자,생산비,2836668.0
강원,일반작물,고랭지감자,자가노동시간,23.0
강원,일반작물,고랭지감자,고용노동시간,31.0
강원,일반작물,고랭지감자,총노동시간,54.0
강원,일반작물,고랭지감자,소득,933823.0
강원,일반작물,고랭지감자,소득률,32.6
강원,일반작물,고랭지감자,순수익,30008.0
강원,일반작물,고랭지감자,순수익율,1.0
강원,일반작물,고랭지감자,부가가치,1759449.0
강원,일반작물,고랭지감자,부가가치율,61.4
강원,일반작물,고랭지감자,토지생산성,3113.0
강원,일반작물,고랭지감자,노동생산성,17293.0
강원,일반작물,고랭지감자,자본생산성,0.48
강원,일반작물,고랭지감자,kg당 경영비,653.0
강원,일반작물,고랭지감자,kg당 생산비,958.0
강원,일반작물,노지풋옥수수,총수입,1513308.0
강원,일반작물,노지풋옥수수,주산물가액,1504074.0
강원,일반작물,노지풋옥수수,부산물가액,9234.0
강원,일반작물,노지풋옥수수,주산물수량,2692.0
강원,일반작물,노지풋옥수수,수취가격,559.0
강원,일반작물,노지풋옥수수,종자·종묘비,26124.0
강원,일반작물,노지풋옥수수,보통(무기질)비료비,82358.0
강원,일반작물,노지풋옥수수,부산물(유기질)비료비,107085.0
강원,일반작물,노지풋옥수수,농약비,21847.0
강원,일반작물,노지풋옥수수,수도광열비,26159.0
강원,일반작물,노지풋옥수수,기타재료비,90764.0
강원,일반작물,노지풋옥수수,소농구비,1494.0
강원,일반작물,노지풋옥수수,대농구상각비,137747.0
강원,일반작물,노지풋옥수수,영농시설상각비,47581.0
강원,일반작물,노지풋옥수수,수리·유지비,5469.0
강원,일반작물,노지풋옥수수,기타비용,1513.0
강원,일반작물,노지풋옥수수,중간재비,548141.0
강원,일반작물,노지풋옥수수,농기계·시설임차료,5151.0
강원,일반작물,노지풋옥수수,토지임차료,67858.0
강원,일반작물,노지풋옥수수,위탁영농비,7577.0
강원,일반작물,노지풋옥수수,고용노동비,79678.0
강원,일반작물,노지풋옥수수,경영비,708405.0
강원,일반작물,노지풋옥수수,자가노동비,826517.0
강원,일반작물,노지풋옥수수,유동자본용역비,6122.0
강원,일반작물,노지풋옥수수,고정자본용역비,32215.0
강원,일반작물,노지풋옥수수,토지자본용역비,107479.0
강원,일반작물,노지풋옥수수,생산비,1680738.0
강원,일반작물,노지풋옥수수,자가노동시간,39.0
강원,일반작물,노지풋옥수수,고용노동시간,6.0
강원,일반작물,노지풋옥수수,총노동시간,45.0
강원,일반작물,노지풋옥수수,소득,804903.0
강원,일반작물,노지풋옥수수,소득률,53.2
강원,일반작물,노지풋옥수수,순수익,-167430.0
강원,일반작물,노지풋옥수수,순수익율,-11.1
강원,일반작물,노지풋옥수수,부가가치,965167.0
강원,일반작물,노지풋옥수수,부가가치율,63.8
강원,일반작물,노지풋옥수수,토지생산성,2683.0
강원,일반작물,노지풋옥수수,노동생산성,17887.0
강원,일반작물,노지풋옥수수,자본생산성,1.14
강원,일반작물,노지풋옥수수,kg당 경영비,263.0
강원,일반작물,노지풋옥수수,kg당 생산비,624.0
강원,일반작물,도라지,총수입,2936545.0
강원,일반작물,도라지,주산물가액,2936545.0
강원,일반작물,도라지,부산물가액,0.0
강원,일반작물,도라지,주산물수량,366.0
강원,일반작물,도라지,수취가격,8023.0
강원,일반작물,도라지,종자·종묘비,177081.0
강원,일반작물,도라지,보통(무기질)비료비,12790.0
강원,일반작물,도라지,부산물(유기질)비료비,147157.0
강원,일반작물,도라지,농약비,11140.0
강원,일반작물,도라지,수도광열비,38516.0
강원,일반작물,도라지,기타재료비,17192.0
강원,일반작물,도라지,소농구비,2481.0
강원,일반작물,도라지,대농구상각비,215880.0
강원,일반작물,도라지,영농시설상각비,88050.0
강원,일반작물,도라지,수리·유지비,0.0
강원,일반작물,도라지,기타비용,0.0
강원,일반작물,도라지,중간재비,710287.0
강원,일반작물,도라지,농기계·시설임차료,8193.0
강원,일반작물,도라지,토지임차료,100865.0
강원,일반작물,도라지,위탁영농비,21333.0
강원,일반작물,도라지,고용노동비,541931.0
강원,일반작물,도라지,경영비,1382609.0
강원,일반작물,도라지,자가노동비,1295969.0
강원,일반작물,도라지,유동자본용역비,56462.0
강원,일반작물,도라지,고정자본용역비,30701.0
강원,일반작물,도라지,토지자본용역비,192157.0
강원,일반작물,도라지,생산비,2957898.0
강원,일반작물,도라지,자가노동시간,67.0
강원,일반작물,도라지,고용노동시간,41.0
강원,일반작물,도라지,총노동시간,108.0
강원,일반작물,도라지,소득,1553936.0
강원,일반작물,도라지,소득률,52.9
강원,일반작물,도라지,순수익,-21353.0
강원,일반작물,도라지,순수익율,-0.7
강원,일반작물,도라지,부가가치,2226258.0
강원,일반작물,도라지,부가가치율,75.8
강원,일반작물,도라지,토지생산성,5180.0
강원,일반작물,도라지,노동생산성,14388.0
강원,일반작물,도라지,자본생산성,1.12
강원,일반작물,도라지,kg당 경영비,3778.0
강원,일반작물,도라지,kg당 생산비,8082.0
강원,일반작물,들깨,총수입,996256.0
강원,일반작물,들깨,주산물가액,996256.0
강원,일반작물,들깨,부산물가액,0.0
강원,일반작물,들깨,주산물수량,83.0
강원,일반작물,들깨,수취가격,12003.0
강원,일반작물,들깨,종자·종묘비,12930.0
강원,일반작물,들깨,보통(무기질)비료비,33985.0
강원,일반작물,들깨,부산물(유기질)비료비,52273.0
강원,일반작물,들깨,농약비,16578.0
강원,일반작물,들깨,수도광열비,14714.0
강원,일반작물,들깨,기타재료비,21608.0
강원,일반작물,들깨,소농구비,1667.0
강원,일반작물,들깨,대농구상각비,46412.0
강원,일반작물,들깨,영농시설상각비,11860.0
강원,일반작물,들깨,수리·유지비,1802.0
강원,일반작물,들깨,기타비용,0.0
강원,일반작물,들깨,중간재비,213829.0
강원,일반작물,들깨,농기계·시설임차료,4654.0
강원,일반작물,들깨,토지임차료,53970.0
강원,일반작물,들깨,위탁영농비,10388.0
강원,일반작물,들깨,고용노동비,64270.0
강원,일반작물,들깨,경영비,347111.0
강원,일반작물,들깨,자가노동비,805257.0
강원,일반작물,들깨,유동자본용역비,3434.0
강원,일반작물,들깨,고정자본용역비,9651.0
강원,일반작물,들깨,토지자본용역비,101942.0
강원,일반작물,들깨,생산비,1267395.0
강원,일반작물,들깨,자가노동시간,39.0
강원,일반작물,들깨,고용노동시간,5.0
강원,일반작물,들깨,총노동시간,44.0
강원,일반작물,들깨,소득,649145.0
강원,일반작물,들깨,소득률,65.2
강원,일반작물,들깨,순수익,-271139.0
강원,일반작물,들깨,순수익율,-27.2
강원,일반작물,들깨,부가가치,782427.0
강원,일반작물,들깨,부가가치율,78.5
강원,일반작물,들깨,토지생산성,2164.0
강원,일반작물,들깨,노동생산성,14753.0
강원,일반작물,들깨,자본생산성,1.87
강원,일반작물,들깨,kg당 경영비,4182.0
강원,일반작물,들깨,kg당 생산비,15270.0
강원,일반작물,땅콩,총수입,2565958.0
강원,일반작물,땅콩,주산물가액,2565958.0
강원,일반작물,땅콩,주산물수량,382.0
강원,일반작물,땅콩,수취가격,6717.0
강원,일반작물,땅콩,종자·종묘비,126368.0
강원,일반작물,땅콩,보통(무기질)비료비,46907.0
강원,일반작물,땅콩,부산물(유기질)비료비,116164.0
강원,일반작물,땅콩,농약비,41532.0
강원,일반작물,땅콩,수도광열비,22468.0
강원,일반작물,땅콩,기타재료비,75275.0
강원,일반작물,땅콩,소농구비,1477.0
강원,일반작물,땅콩,대농구상각비,100139.0
강원,일반작물,땅콩,영농시설상각비,36631.0
강원,일반작물,땅콩,수리·유지비,9589.0
강원,일반작물,땅콩,기타비용,6680.0
강원,일반작물,땅콩,중간재비,583230.0
강원,일반작물,땅콩,농기계·시설임차료,8533.0
강원,일반작물,땅콩,토지임차료,139510.0
강원,일반작물,땅콩,위탁영농비,2444.0
강원,일반작물,땅콩,고용노동비,539790.0
강원,일반작물,땅콩,경영비,1273507.0
강원,일반작물,땅콩,자가노동비,586647.0
강원,일반작물,땅콩,유동자본용역비,16074.0
강원,일반작물,땅콩,고정자본용역비,35160.0
강원,일반작물,땅콩,토지자본용역비,104939.0
강원,일반작물,땅콩,생산비,2016327.0
강원,일반작물,땅콩,자가노동시간,28.0
강원,일반작물,땅콩,고용노동시간,41.0
강원,일반작물,땅콩,총노동시간,69.0
강원,일반작물,땅콩,소득,1292451.0
강원,일반작물,땅콩,소득률,50.4
강원,일반작물,땅콩,순수익,549631.0
강원,일반작물,땅콩,순수익율,21.4
강원,일반작물,땅콩,부가가치,1982728.0
강원,일반작물,땅콩,부가가치율,77.3
강원,일반작물,땅콩,토지생산성,4308.0
강원,일반작물,땅콩,노동생산성,18731.0
강원,일반작물,땅콩,자본생산성,1.01
강원,일반작물,땅콩,kg당 경영비,3334.0
강원,일반작물,땅콩,kg당 생산비,5278.0
강원,일반작물,봄감자,총수입,2315776.0
강원,일반작물,봄감자,주산물가액,2315776.0
강원,일반작물,봄감자,주산물수량,2068.0
강원,일반작물,봄감자,수취가격,1120.0
강원,일반작물,봄감자,종자·종묘비,194227.0
강원,일반작물,봄감자,보통(무기질)비료비,79144.0
강원,일반작물,봄감자,부산물(유기질)비료비,156578.0
강원,일반작물,봄감자,농약비,60866.0
강원,일반작물,봄감자,수도광열비,32915.0
강원,일반작물,봄감자,기타재료비,113926.0
강원,일반작물,봄감자,소농구비,714.0
강원,일반작물,봄감자,대농구상각비,141475.0
강원,일반작물,봄감자,영농시설상각비,36604.0
강원,일반작물,봄감자,수리·유지비,12915.0
강원,일반작물,봄감자,기타비용,53.0
강원,일반작물,봄감자,중간재비,829417.0
강원,일반작물,봄감자,농기계·시설임차료,4927.0
강원,일반작물,봄감자,토지임차료,70568.0
강원,일반작물,봄감자,위탁영농비,20315.0
강원,일반작물,봄감자,고용노동비,189490.0
강원,일반작물,봄감자,경영비,1114717.0
강원,일반작물,봄감자,자가노동비,858234.0
강원,일반작물,봄감자,유동자본용역비,10571.0
강원,일반작물,봄감자,고정자본용역비,31446.0
강원,일반작물,봄감자,토지자본용역비,68857.0
강원,일반작물,봄감자,생산비,2083825.0
강원,일반작물,봄감자,자가노동시간,42.0
강원,일반작물,봄감자,고용노동시간,15.0
강원,일반작물,봄감자,총노동시간,57.0
강원,일반작물,봄감자,소득,1201059.0
강원,일반작물,봄감자,소득률,51.9
강원,일반작물,봄감자,순수익,231951.0
강원,일반작물,봄감자,순수익율,10.0
강원,일반작물,봄감자,부가가치,1486359.0
강원,일반작물,봄감자,부가가치율,64.2
강원,일반작물,봄감자,토지생산성,4004.0
강원,일반작물,봄감자,노동생산성,21071.0
강원,일반작물,봄감자,자본생산성,1.08
강원,일반작물,봄감자,kg당 경영비,539.0
강원,일반작물,봄감자,kg당 생산비,1008.0
강원,일반작물,인삼(6년근),총수입,23816175.0
강원,일반작물,인삼(6년근),주산물가액,23816175.0
강원,일반작물,인삼(6년근),부산물가액,0.0
강원,일반작물,인삼(6년근),주산물수량,651.0
강원,일반작물,인삼(6년근),수취가격,36584.0
강원,일반작물,인삼(6년근),종자·종묘비,1691151.0
강원,일반작물,인삼(6년근),보통(무기질)비료비,141669.0
강원,일반작물,인삼(6년근),부산물(유기질)비료비,840960.0
강원,일반작물,인삼(6년근),농약비,643245.0
강원,일반작물,인삼(6년근),수도광열비,375681.0
강원,일반작물,인삼(6년근),기타재료비,482570.0
강원,일반작물,인삼(6년근),소농구비,2919.0
강원,일반작물,인삼(6년근),대농구상각비,2996287.0
강원,일반작물,인삼(6년근),영농시설상각비,355881.0
강원,일반작물,인삼(6년근),수리·유지비,233031.0
강원,일반작물,인삼(6년근),기타비용,28953.0
강원,일반작물,인삼(6년근),중간재비,7792347.0
강원,일반작물,인삼(6년근),농기계·시설임차료,23038.0
강원,일반작물,인삼(6년근),토지임차료,1154316.0
강원,일반작물,인삼(6년근),위탁영농비,61411.0
강원,일반작물,인삼(6년근),고용노동비,2821364.0
강원,일반작물,인삼(6년근),경영비,11852476.0
강원,일반작물,인삼(6년근),자가노동비,1459022.0
강원,일반작물,인삼(6년근),유동자본용역비,1185199.0
강원,일반작물,인삼(6년근),고정자본용역비,85227.0
강원,일반작물,인삼(6년근),토지자본용역비,133354.0
강원,일반작물,인삼(6년근),생산비,14715278.0
강원,일반작물,인삼(6년근),자가노동시간,73.0
강원,일반작물,인삼(6년근),고용노동시간,212.0
강원,일반작물,인삼(6년근),총노동시간,285.0
강원,일반작물,인삼(6년근),소득,11963699.0
강원,일반작물,인삼(6년근),소득률,50.2
강원,일반작물,인삼(6년근),순수익,9100897.0
강원,일반작물,인삼(6년근),순수익율,38.2
강원,일반작물,인삼(6년근),부가가치,16023828.0
강원,일반작물,인삼(6년근),부가가치율,67.3
강원,일반작물,인삼(6년근),토지생산성,39879.0
강원,일반작물,인삼(6년근),노동생산성,41978.0
강원,일반작물,인삼(6년근),자본생산성,1.01
강원,일반작물,인삼(6년근),kg당 경영비,18207.0
강원,일반작물,인삼(6년근),kg당 생산비,22604.0
강원,일반작물,황기,총수입,2727756.0
강원,일반작물,황기,주산물가액,2727756.0
강원,일반작물,황기,부산물가액,0.0
강원,일반작물,황기,주산물수량,210.0
강원,일반작물,황기,수취가격,12989.0
강원,일반작물,황기,종자·종묘비,87569.0
강원,일반작물,황기,보통(무기질)비료비,71568.0
강원,일반작물,황기,부산물(유기질)비료비,18493.0
강원,일반작물,황기,농약비,57243.0
강원,일반작물,황기,수도광열비,31891.0
강원,일반작물,황기,기타재료비,11420.0
강원,일반작물,황기,소농구비,526.0
강원,일반작물,황기,대농구상각비,151437.0
강원,일반작물,황기,영농시설상각비,40368.0
강원,일반작물,황기,수리·유지비,0.0
강원,일반작물,황기,기타비용,0.0
강원,일반작물,황기,중간재비,470515.0
강원,일반작물,황기,농기계·시설임차료,5658.0
강원,일반작물,황기,토지임차료,109413.0
강원,일반작물,황기,위탁영농비,78309.0
강원,일반작물,황기,고용노동비,623402.0
강원,일반작물,황기,경영비,1287297.0
강원,일반작물,황기,자가노동비,512035.0
강원,일반작물,황기,유동자본용역비,22388.0
강원,일반작물,황기,고정자본용역비,14515.0
강원,일반작물,황기,토지자본용역비,58172.0
강원,일반작물,황기,생산비,1894407.0
강원,일반작물,황기,자가노동시간,25.0
강원,일반작물,황기,고용노동시간,42.0
강원,일반작물,황기,총노동시간,67.0
강원,일반작물,황기,소득,1440459.0
강원,일반작물,황기,소득률,52.8
강원,일반작물,황기,순수익,833349.0
강원,일반작물,황기,순수익율,30.6
강원,일반작물,황기,부가가치,2257241.0
강원,일반작물,황기,부가가치율,82.8
강원,일반작물,황기,토지생산성,4802.0
강원,일반작물,황기,노동생산성,21499.0
강원,일반작물,황기,자본생산성,1.12
강원,일반작물,황기,kg당 경영비,6130.0
강원,일반작물,황기,kg당 생산비,9021.0
전국,과수,노지감귤,총수입,3689943.0
전국,과수,노지감귤,주산물가액,3665626.0
전국,과수,노지감귤,부산물가액,24317.0
전국,과수,노지감귤,주산물수량,2865.0
전국,과수,노지감귤,수취가격,1279.0
전국,과수,노지감귤,과수원조성비,49204.0
전국,과수,노지감귤,보통(무기질)비료비,86729.0
전국,과수,노지감귤,부산물(유기질)비료비,91158.0
전국,과수,노지감귤,농약비,308013.0
전국,과수,노지감귤,수도광열비,53702.0
전국,과수,노지감귤,기타재료비,169059.0
전국,과수,노지감귤,소농구비,5452.0
전국,과수,노지감귤,대농구상각비,162997.0
전국,과수,노지감귤,영농시설상각비,34433.0
전국,과수,노지감귤,수리·유지비,9217.0
전국,과수,노지감귤,기타비용,11231.0
전국,과수,노지감귤,중간재비,981195.0
전국,과수,노지감귤,농기계·시설임차료,3361.0
전국,과수,노지감귤,토지임차료,115623.0
전국,과수,노지감귤,위탁영농비,11418.0
전국,과수,노지감귤,고용노동비,418919.0
전국,과수,노지감귤,경영비,1530516.0
전국,과수,노지감귤,자가노동비,1623578.0
전국,과수,노지감귤,유동자본용역비,33177.0
전국,과수,노지감귤,고정자본용역비,38796.0
전국,과수,노지감귤,토지자본용역비,322490.0
전국,과수,노지감귤,생산비,3548557.0
전국,과수,노지감귤,자가노동시간,79.0
전국,과수,노지감귤,고용노동시간,31.0
전국,과수,노지감귤,총노동시간,110.0
전국,과수,노지감귤,소득,2159427.0
전국,과수,노지감귤,소득률,58.5
전국,과수,노지감귤,순수익,141386.0
전국,과수,노지감귤,순수익율,3.8
전국,과수,노지감귤,부가가치,2708748.0
전국,과수,노지감귤,부가가치율,73.4
전국,과수,노지감귤,토지생산성,7198.0
전국,과수,노지감귤,노동생산성,19631.0
전국,과수,노지감귤,자본생산성,1.41
전국,과수,노지감귤,kg당 경영비,534.0
전국,과수,노지감귤,kg당 생산비,1239.0
전국,과수,노지포도,총수입,10011131.0
전국,과수,노지포도,주산물가액,9992309.0
전국,과수,노지포도,부산물가액,18822.0
전국,과수,노지포도,주산물수량,1497.0
전국,과수,노지포도,수취가격,6675.0
전국,과수,노지포도,과수원조성비,372441.0
전국,과수,노지포도,보통(무기질)비료비,162846.0
전국,과수,노지포도,부산물(유기질)비료비,195710.0
전국,과수,노지포도,농약비,195809.0
전국,과수,노지포도,수도광열비,116541.0
전국,과수,노지포도,기타재료비,659691.0
전국,과수,노지포도,소농구비,11327.0
전국,과수,노지포도,대농구상각비,256299.0
전국,과수,노지포도,영농시설상각비,625929.0
전국,과수,노지포도,수리·유지비,33692.0
전국,과수,노지포도,기타비용,39013.0
전국,과수,노지포도,중간재비,2669298.0
전국,과수,노지포도,농기계·시설임차료,4906.0
전국,과수,노지포도,토지임차료,82746.0
전국,과수,노지포도,위탁영농비,3006.0
전국,과수,노지포도,고용노동비,618094.0
전국,과수,노지포도,경영비,3378050.0
전국,과수,노지포도,자가노동비,4062429.0
전국,과수,노지포도,유동자본용역비,63025.0
전국,과수,노지포도,고정자본용역비,171872.0
전국,과수,노지포도,토지자본용역비,409080.0
전국,과수,노지포도,생산비,8084456.0
전국,과수,노지포도,자가노동시간,200.0
전국,과수,노지포도,고용노동시간,45.0
전국,과수,노지포도,총노동시간,245.0
전국,과수,노지포도,소득,6633081.0
전국,과수,노지포도,소득률,66.3
전국,과수,노지포도,순수익,1926675.0
전국,과수,노지포도,순수익율,19.2
전국,과수,노지포도,부가가치,7341833.0
전국,과수,노지포도,부가가치율,73.3
전국,과수,노지포도,토지생산성,22110.0
전국,과수,노지포도,노동생산성,27074.0
전국,과수,노지포도,자본생산성,1.96
전국,과수,노지포도,kg당 경영비,2257.0
전국,과수,노지포도,kg당 생산비,5400.0
전국,과수,단감,총수입,3421059.0
전국,과수,단감,주산물가액,3421059.0
전국,과수,단감,부산물가액,0.0
전국,과수,단감,주산물수량,1486.0
전국,과수,단감,수취가격,2302.0
전국,과수,단감,과수원조성비,77464.0
전국,과수,단감,보통(무기질)비료비,54521.0
전국,과수,단감,부산물(유기질)비료비,111165.0
전국,과수,단감,농약비,135936.0
전국,과수,단감,수도광열비,71008.0
전국,과수,단감,기타재료비,265528.0
전국,과수,단감,소농구비,4864.0
전국,과수,단감,대농구상각비,199008.0
전국,과수,단감,영농시설상각비,114588.0
전국,과수,단감,수리·유지비,26554.0
전국,과수,단감,기타비용,23143.0
전국,과수,단감,중간재비,1083779.0
전국,과수,단감,농기계·시설임차료,6061.0
전국,과수,단감,토지임차료,72420.0
전국,과수,단감,위탁영농비,3885.0
전국,과수,단감,고용노동비,490317.0
전국,과수,단감,경영비,1656462.0
전국,과수,단감,자가노동비,1481464.0
전국,과수,단감,유동자본용역비,32956.0
전국,과수,단감,고정자본용역비,67474.0
전국,과수,단감,토지자본용역비,179749.0
전국,과수,단감,생산비,3418105.0
전국,과수,단감,자가노동시간,72.0
전국,과수,단감,고용노동시간,39.0
전국,과수,단감,총노동시간,111.0
전국,과수,단감,소득,1764597.0
전국,과수,단감,소득률,51.6
전국,과수,단감,순수익,2954.0
전국,과수,단감,순수익율,0.1
전국,과수,단감,부가가치,2337280.0
전국,과수,단감,부가가치율,68.3
전국,과수,단감,토지생산성,5882.0
전국,과수,단감,노동생산성,15897.0
전국,과수,단감,자본생산성,1.07
전국,과수,단감,kg당 경영비,1115.0
전국,과수,단감,kg당 생산비,2300.0
전국,과수,배,총수입,6713851.0
전국,과수,배,주산물가액,6675765.0
전국,과수,배,부산물가액,38086.0
전국,과수,배,주산물수량,2608.0
전국,과수,배,수취가격,2560.0
전국,과수,배,과수원조성비,112945.0
전국,과수,배,보통(무기질)비료비,98959.0
전국,과수,배,부산물(유기질)비료비,163316.0
전국,과수,배,농약비,394097.0
전국,과수,배,수도광열비,144320.0
전국,과수,배,기타재료비,672831.0
전국,과수,배,소농구비,6640.0
전국,과수,배,대농구상각비,400367.0
전국,과수,배,영농시설상각비,264352.0
전국,과수,배,수리·유지비,52206.0
전국,과수,배,기타비용,56397.0
전국,과수,배,중간재비,2366430.0
전국,과수,배,농기계·시설임차료,13428.0
전국,과수,배,토지임차료,122494.0
전국,과수,배,위탁영농비,5409.0
전국,과수,배,고용노동비,731647.0
전국,과수,배,경영비,3239408.0
전국,과수,배,자가노동비,2385220.0
전국,과수,배,유동자본용역비,64805.0
전국,과수,배,고정자본용역비,104993.0
전국,과수,배,토지자본용역비,217289.0
전국,과수,배,생산비,6011715.0
전국,과수,배,자가노동시간,115.0
전국,과수,배,고용노동시간,55.0
전국,과수,배,총노동시간,170.0
전국,과수,배,소득,3474443.0
전국,과수,배,소득률,51.8
전국,과수,배,순수익,702136.0
전국,과수,배,순수익율,10.5
전국,과수,배,부가가치,4347421.0
전국,과수,배,부가가치율,64.8
전국,과수,배,토지생산성,11581.0
전국,과수,배,노동생산성,20438.0
전국,과수,배,자본생산성,1.07
전국,과수,배,kg당 경영비,1242.0
전국,과수,배,kg당 생산비,2305.0
전국,과수,복숭아,총수입,4711650.0
전국,과수,복숭아,주산물가액,4710350.0
전국,과수,복숭아,부산물가액,1300.0
전국,과수,복숭아,주산물수량,1149.0
전국,과수,복숭아,수취가격,4100.0
전국,과수,복숭아,과수원조성비,146263.0
전국,과수,복숭아,보통(무기질)비료비,60256.0
전국,과수,복숭아,부산물(유기질)비료비,112805.0
전국,과수,복숭아,농약비,289085.0
전국,과수,복숭아,수도광열비,90309.0
전국,과수,복숭아,기타재료비,379053.0
전국,과수,복숭아,소농구비,5487.0
전국,과수,복숭아,대농구상각비,425162.0
전국,과수,복숭아,영농시설상각비,197704.0
전국,과수,복숭아,수리·유지비,34094.0
전국,과수,복숭아,기타비용,30831.0
전국,과수,복숭아,중간재비,1771049.0
전국,과수,복숭아,농기계·시설임차료,10297.0
전국,과수,복숭아,토지임차료,75368.0
전국,과수,복숭아,위탁영농비,2756.0
전국,과수,복숭아,고용노동비,370773.0
전국,과수,복숭아,경영비,2230243.0
전국,과수,복숭아,자가노동비,2762280.0
전국,과수,복숭아,유동자본용역비,40446.0
전국,과수,복숭아,고정자본용역비,111142.0
전국,과수,복숭아,토지자본용역비,267948.0
전국,과수,복숭아,생산비,5412059.0
전국,과수,복숭아,자가노동시간,137.0
전국,과수,복숭아,고용노동시간,27.0
전국,과수,복숭아,총노동시간,164.0
전국,과수,복숭아,소득,2481407.0
전국,과수,복숭아,소득률,52.7
전국,과수,복숭아,순수익,-700409.0
전국,과수,복숭아,순수익율,-14.9
전국,과수,복숭아,부가가치,2940601.0
전국,과수,복숭아,부가가치율,62.4
전국,과수,복숭아,토지생산성,8271.0
전국,과수,복숭아,노동생산성,15131.0
전국,과수,복숭아,자본생산성,1.11
전국,과수,복숭아,kg당 경영비,1941.0
전국,과수,복숭아,kg당 생산비,4710.0
전국,과수,블루베리,총수입,8679658.0
전국,과수,블루베리,주산물가액,8615903.0
전국,과수,블루베리,부산물가액,63755.0
전국,과수,블루베리,주산물수량,440.0
전국,과수,블루베리,수취가격,19582.0
전국,과수,블루베리,과수원조성비,641154.0
전국,과수,블루베리,보통(무기질)비료비,109243.0
전국,과수,블루베리,부산물(유기질)비료비,150785.0
전국,과수,블루베리,농약비,57255.0
전국,과수,블루베리,수도광열비,316275.0
전국,과수,블루베리,기타재료비,573239.0
전국,과수,블루베리,소농구비,8856.0
전국,과수,블루베리,대농구상각비,178555.0
전국,과수,블루베리,영농시설상각비,671418.0
전국,과수,블루베리,수리·유지비,40236.0
전국,과수,블루베리,기타비용,51999.0
전국,과수,블루베리,중간재비,2799015.0
전국,과수,블루베리,농기계·시설임차료,3713.0
전국,과수,블루베리,토지임차료,111296.0
전국,과수,블루베리,위탁영농비,4494.0
전국,과수,블루베리,고용노동비,964537.0
전국,과수,블루베리,경영비,3883055.0
전국,과수,블루베리,자가노동비,4224232.0
전국,과수,블루베리,유동자본용역비,76672.0
전국,과수,블루베리,고정자본용역비,240497.0
전국,과수,블루베리,토지자본용역비,333050.0
전국,과수,블루베리,생산비,8757506.0
전국,과수,블루베리,자가노동시간,207.0
전국,과수,블루베리,고용노동시간,83.0
전국,과수,블루베리,총노동시간,290.0
전국,과수,블루베리,소득,4796603.0
전국,과수,블루베리,소득률,55.3
전국,과수,블루베리,순수익,-77848.0
전국,과수,블루베리,순수익율,-0.9
전국,과수,블루베리,부가가치,5880643.0
전국,과수,블루베리,부가가치율,67.8
전국,과수,블루베리,토지생산성,15989.0
전국,과수,블루베리,노동생산성,16540.0
전국,과수,블루베리,자본생산성,1.24
전국,과수,블루베리,kg당 경영비,8825.0
전국,과수,블루베리,kg당 생산비,19903.0
전국,과수,사과,총수입,6579742.0
전국,과수,사과,주산물가액,6568569.0
전국,과수,사과,부산물가액,11173.0
전국,과수,사과,주산물수량,2182.0
전국,과수,사과,수취가격,3010.0
전국,과수,사과,과수원조성비,402837.0
전국,과수,사과,보통(무기질)비료비,75208.0
전국,과수,사과,부산물(유기질)비료비,104885.0
전국,과수,사과,농약비,483823.0
전국,과수,사과,수도광열비,149805.0
전국,과수,사과,기타재료비,376437.0
전국,과수,사과,소농구비,8512.0
전국,과수,사과,대농구상각비,507589.0
전국,과수,사과,영농시설상각비,249841.0
전국,과수,사과,수리·유지비,57262.0
전국,과수,사과,기타비용,100625.0
전국,과수,사과,중간재비,2516824.0
전국,과수,사과,농기계·시설임차료,9875.0
전국,과수,사과,토지임차료,64401.0
전국,과수,사과,위탁영농비,2814.0
전국,과수,사과,고용노동비,697991.0
전국,과수,사과,경영비,3291905.0
전국,과수,사과,자가노동비,2116940.0
전국,과수,사과,유동자본용역비,63272.0
전국,과수,사과,고정자본용역비,161737.0
전국,과수,사과,토지자본용역비,312144.0
전국,과수,사과,생산비,5945998.0
전국,과수,사과,자가노동시간,104.0
전국,과수,사과,고용노동시간,52.0
전국,과수,사과,총노동시간,156.0
전국,과수,사과,소득,3287837.0
전국,과수,사과,소득률,50.0
전국,과수,사과,순수익,633744.0
전국,과수,사과,순수익율,9.6
전국,과수,사과,부가가치,4062918.0
전국,과수,사과,부가가치율,61.7
전국,과수,사과,토지생산성,10959.0
전국,과수,사과,노동생산성,21076.0
전국,과수,사과,자본생산성,1.0
전국,과수,사과,kg당 경영비,1509.0
전국,과수,사과,kg당 생산비,2725.0
전국,과수,시설포도,총수입,16644129.0
전국,과수,시설포도,주산물가액,16643965.0
전국,과수,시설포도,부산물가액,164.0
전국,과수,시설포도,주산물수량,1585.0
전국,과수,시설포도,수취가격,10501.0
전국,과수,시설포도,과수원조성비,667354.0
전국,과수,시설포도,보통(무기질)비료비,263050.0
전국,과수,시설포도,부산물(유기질)비료비,305358.0
전국,과수,시설포도,농약비,231241.0
전국,과수,시설포도,수도광열비,1057251.0
전국,과수,시설포도,기타재료비,955316.0
전국,과수,시설포도,소농구비,9145.0
전국,과수,시설포도,대농구상각비,391954.0
전국,과수,시설포도,영농시설상각비,1582348.0
전국,과수,시설포도,수리·유지비,75864.0
전국,과수,시설포도,기타비용,33005.0
전국,과수,시설포도,중간재비,5571886.0
전국,과수,시설포도,농기계·시설임차료,6303.0
전국,과수,시설포도,토지임차료,84981.0
전국,과수,시설포도,위탁영농비,538.0
전국,과수,시설포도,고용노동비,641133.0
전국,과수,시설포도,경영비,6304841.0
전국,과수,시설포도,자가노동비,4616156.0
전국,과수,시설포도,유동자본용역비,111487.0
전국,과수,시설포도,고정자본용역비,281571.0
전국,과수,시설포도,토지자본용역비,603164.0
전국,과수,시설포도,생산비,11917219.0
전국,과수,시설포도,자가노동시간,217.0
전국,과수,시설포도,고용노동시간,44.0
전국,과수,시설포도,총노동시간,261.0
전국,과수,시설포도,소득,10339288.0
전국,과수,시설포도,소득률,62.1
전국,과수,시설포도,순수익,4726910.0
전국,과수,시설포도,순수익율,28.4
전국,과수,시설포도,부가가치,11072243.0
전국,과수,시설포도,부가가치율,66.5
전국,과수,시설포도,토지생산성,34464.0
전국,과수,시설포도,노동생산성,39614.0
전국,과수,시설포도,자본생산성,1.64
전국,과수,시설포도,kg당 경영비,3978.0
전국,과수,시설포도,kg당 생산비,7519.0
전국,과수,오미자,총수입,3858936.0
전국,과수,오미자,주산물가액,3856140.0
전국,과수,오미자,부산물가액,2796.0
전국,과수,오미자,주산물수량,390.0
전국,과수,오미자,수취가격,9888.0
전국,과수,오미자,과수원조성비,266384.0
전국,과수,오미자,보통(무기질)비료비,84757.0
전국,과수,오미자,부산물(유기질)비료비,205399.0
전국,과수,오미자,농약비,129212.0
전국,과수,오미자,수도광열비,66938.0
전국,과수,오미자,기타재료비,142557.0
전국,과수,오미자,소농구비,5273.0
전국,과수,오미자,대농구상각비,176769.0
전국,과수,오미자,영농시설상각비,280687.0
전국,과수,오미자,수리·유지비,20398.0
전국,과수,오미자,기타비용,11111.0
전국,과수,오미자,중간재비,1389485.0
전국,과수,오미자,농기계·시설임차료,3410.0
전국,과수,오미자,토지임차료,85916.0
전국,과수,오미자,위탁영농비,1488.0
전국,과수,오미자,고용노동비,382494.0
전국,과수,오미자,경영비,1862793.0
전국,과수,오미자,자가노동비,2546579.0
전국,과수,오미자,유동자본용역비,35214.0
전국,과수,오미자,고정자본용역비,92662.0
전국,과수,오미자,토지자본용역비,201174.0
전국,과수,오미자,생산비,4738422.0
전국,과수,오미자,자가노동시간,120.0
전국,과수,오미자,고용노동시간,27.0
전국,과수,오미자,총노동시간,147.0
전국,과수,오미자,소득,1996143.0
전국,과수,오미자,소득률,51.7
전국,과수,오미자,순수익,-879486.0
전국,과수,오미자,순수익율,-22.8
전국,과수,오미자,부가가치,2469451.0
전국,과수,오미자,부가가치율,64.0
전국,과수,오미자,토지생산성,6654.0
전국,과수,오미자,노동생산성,13579.0
전국,과수,오미자,자본생산성,1.07
전국,과수,오미자,kg당 경영비,4776.0
전국,과수,오미자,kg당 생산비,12150.0
전국,과수,참다래(키위),총수입,5700975.0
전국,과수,참다래(키위),주산물가액,5636395.0
전국,과수,참다래(키위),부산물가액,64580.0
전국,과수,참다래(키위),주산물수량,1489.0
전국,과수,참다래(키위),수취가격,3785.0
전국,과수,참다래(키위),과수원조성비,356880.0
전국,과수,참다래(키위),보통(무기질)비료비,75503.0
전국,과수,참다래(키위),부산물(유기질)비료비,199607.0
전국,과수,참다래(키위),농약비,91157.0
전국,과수,참다래(키위),수도광열비,115860.0
전국,과수,참다래(키위),기타재료비,390128.0
전국,과수,참다래(키위),소농구비,9333.0
전국,과수,참다래(키위),대농구상각비,227565.0
전국,과수,참다래(키위),영농시설상각비,636425.0
전국,과수,참다래(키위),수리·유지비,31237.0
전국,과수,참다래(키위),기타비용,38324.0
전국,과수,참다래(키위),중간재비,2172019.0
전국,과수,참다래(키위),농기계·시설임차료,22727.0
전국,과수,참다래(키위),토지임차료,52900.0
전국,과수,참다래(키위),위탁영농비,15194.0
전국,과수,참다래(키위),고용노동비,351155.0
전국,과수,참다래(키위),경영비,2613995.0
전국,과수,참다래(키위),자가노동비,2437950.0
전국,과수,참다래(키위),유동자본용역비,44053.0
전국,과수,참다래(키위),고정자본용역비,203713.0
전국,과수,참다래(키위),토지자본용역비,289888.0
전국,과수,참다래(키위),생산비,5589599.0
전국,과수,참다래(키위),자가노동시간,118.0
전국,과수,참다래(키위),고용노동시간,25.0
전국,과수,참다래(키위),총노동시간,143.0
전국,과수,참다래(키위),소득,3086980.0
전국,과수,참다래(키위),소득률,54.1
전국,과수,참다래(키위),순수익,111376.0
전국,과수,참다래(키위),순수익율,2.0
전국,과수,참다래(키위),부가가치,3528956.0
전국,과수,참다래(키위),부가가치율,61.9
전국,과수,참다래(키위),토지생산성,10290.0
전국,과수,참다래(키위),노동생산성,21587.0
전국,과수,참다래(키위),자본생산성,1.18
전국,과수,참다래(키위),kg당 경영비,1756.0
전국,과수,참다래(키위),kg당 생산비,3754.0
전국,노지채소,노지가을무,총수입,2624152.0
전국,노지채소,노지가을무,주산물가액,2606013.0
전국,노지채소,노지가을무,부산물가액,18139.0
전국,노지채소,노지가을무,주산물수량,6034.0
전국,노지채소,노지가을무,수취가격,432.0
전국,노지채소,노지가을무,종자·종묘비,106568.0
전국,노지채소,노지가을무,보통(무기질)비료비,72306.0
전국,노지채소,노지가을무,부산물(유기질)비료비,89672.0
전국,노지채소,노지가을무,농약비,88354.0
전국,노지채소,노지가을무,수도광열비,50542.0
전국,노지채소,노지가을무,기타재료비,68868.0
전국,노지채소,노지가을무,소농구비,1631.0
전국,노지채소,노지가을무,대농구상각비,155323.0
전국,노지채소,노지가을무,영농시설상각비,22830.0
전국,노지채소,노지가을무,수리·유지비,8492.0
전국,노지채소,노지가을무,기타비용,6800.0
전국,노지채소,노지가을무,중간재비,671386.0
전국,노지채소,노지가을무,농기계·시설임차료,3038.0
전국,노지채소,노지가을무,토지임차료,103632.0
전국,노지채소,노지가을무,위탁영농비,24626.0
전국,노지채소,노지가을무,고용노동비,333931.0
전국,노지채소,노지가을무,경영비,1136613.0
전국,노지채소,노지가을무,자가노동비,633305.0
전국,노지채소,노지가을무,유동자본용역비,8228.0
전국,노지채소,노지가을무,고정자본용역비,30319.0
전국,노지채소,노지가을무,토지자본용역비,78676.0
전국,노지채소,노지가을무,생산비,1887141.0
전국,노지채소,노지가을무,자가노동시간,29.0
전국,노지채소,노지가을무,고용노동시간,23.0
전국,노지채소,노지가을무,총노동시간,52.0
전국,노지채소,노지가을무,소득,1487539.0
전국,노지채소,노지가을무,소득률,56.7
전국,노지채소,노지가을무,순수익,737011.0
전국,노지채소,노지가을무,순수익율,28.1
전국,노지채소,노지가을무,부가가치,1952766.0
전국,노지채소,노지가을무,부가가치율,74.4
전국,노지채소,노지가을무,토지생산성,4958.0
전국,노지채소,노지가을무,노동생산성,28607.0
전국,노지채소,노지가을무,자본생산성,1.31
전국,노지채소,노지가을무,kg당 경영비,188.0
전국,노지채소,노지가을무,kg당 생산비,313.0
전국,노지채소,노지가을배추,총수입,2952293.0
전국,노지채소,노지가을배추,주산물가액,2952293.0
전국,노지채소,노지가을배추,부산물가액,0.0
전국,노지채소,노지가을배추,주산물수량,6101.0
전국,노지채소,노지가을배추,수취가격,484.0
전국,노지채소,노지가을배추,종자·종묘비,132793.0
전국,노지채소,노지가을배추,보통(무기질)비료비,112316.0
전국,노지채소,노지가을배추,부산물(유기질)비료비,117295.0
전국,노지채소,노지가을배추,농약비,138069.0
전국,노지채소,노지가을배추,수도광열비,42074.0
전국,노지채소,노지가을배추,기타재료비,102203.0
전국,노지채소,노지가을배추,소농구비,3307.0
전국,노지채소,노지가을배추,대농구상각비,160310.0
전국,노지채소,노지가을배추,영농시설상각비,38025.0
전국,노지채소,노지가을배추,수리·유지비,14405.0
전국,노지채소,노지가을배추,기타비용,3782.0
전국,노지채소,노지가을배추,중간재비,864579.0
전국,노지채소,노지가을배추,농기계·시설임차료,4305.0
전국,노지채소,노지가을배추,토지임차료,75403.0
전국,노지채소,노지가을배추,위탁영농비,16071.0
전국,노지채소,노지가을배추,고용노동비,272712.0
전국,노지채소,노지가을배추,경영비,1233070.0
전국,노지채소,노지가을배추,자가노동비,940213.0
전국,노지채소,노지가을배추,유동자본용역비,9327.0
전국,노지채소,노지가을배추,고정자본용역비,36149.0
전국,노지채소,노지가을배추,토지자본용역비,81133.0
전국,노지채소,노지가을배추,생산비,2299892.0
전국,노지채소,노지가을배추,자가노동시간,46.0
전국,노지채소,노지가을배추,고용노동시간,19.0
전국,노지채소,노지가을배추,총노동시간,65.0
전국,노지채소,노지가을배추,소득,1719223.0
전국,노지채소,노지가을배추,소득률,58.2
전국,노지채소,노지가을배추,순수익,652401.0
전국,노지채소,노지가을배추,순수익율,22.1
전국,노지채소,노지가을배추,부가가치,2087714.0
전국,노지채소,노지가을배추,부가가치율,70.7
전국,노지채소,노지가을배추,토지생산성,5731.0
전국,노지채소,노지가을배추,노동생산성,26450.0
전국,노지채소,노지가을배추,자본생산성,1.39
전국,노지채소,노지가을배추,kg당 경영비,202.0
전국,노지채소,노지가을배추,kg당 생산비,377.0
전국,노지채소,노지고랭지무,총수입,2975729.0
전국,노지채소,노지고랭지무,주산물가액,2975729.0
전국,노지채소,노지고랭지무,부산물가액,0.0
전국,노지채소,노지고랭지무,주산물수량,7184.0
전국,노지채소,노지고랭지무,수취가격,414.0
전국,노지채소,노지고랭지무,종자·종묘비,121251.0
전국,노지채소,노지고랭지무,보통(무기질)비료비,102041.0
전국,노지채소,노지고랭지무,부산물(유기질)비료비,154576.0
전국,노지채소,노지고랭지무,농약비,190183.0
전국,노지채소,노지고랭지무,수도광열비,32929.0
전국,노지채소,노지고랭지무,기타재료비,115193.0
전국,노지채소,노지고랭지무,소농구비,426.0
전국,노지채소,노지고랭지무,대농구상각비,163357.0
전국,노지채소,노지고랭지무,영농시설상각비,20807.0
전국,노지채소,노지고랭지무,수리·유지비,6550.0
전국,노지채소,노지고랭지무,기타비용,1553.0
전국,노지채소,노지고랭지무,중간재비,908866.0
전국,노지채소,노지고랭지무,농기계·시설임차료,4259.0
전국,노지채소,노지고랭지무,토지임차료,164064.0
전국,노지채소,노지고랭지무,위탁영농비,73068.0
전국,노지채소,노지고랭지무,고용노동비,332446.0
전국,노지채소,노지고랭지무,경영비,1482703.0
전국,노지채소,노지고랭지무,자가노동비,344130.0
전국,노지채소,노지고랭지무,유동자본용역비,11455.0
전국,노지채소,노지고랭지무,고정자본용역비,33569.0
전국,노지채소,노지고랭지무,토지자본용역비,314558.0
전국,노지채소,노지고랭지무,생산비,2186415.0
전국,노지채소,노지고랭지무,자가노동시간,17.0
전국,노지채소,노지고랭지무,고용노동시간,21.0
전국,노지채소,노지고랭지무,총노동시간,38.0
전국,노지채소,노지고랭지무,소득,1493026.0
전국,노지채소,노지고랭지무,소득률,50.2
전국,노지채소,노지고랭지무,순수익,789314.0
전국,노지채소,노지고랭지무,순수익율,26.5
전국,노지채소,노지고랭지무,부가가치,2066863.0
전국,노지채소,노지고랭지무,부가가치율,69.5
전국,노지채소,노지고랭지무,토지생산성,4977.0
전국,노지채소,노지고랭지무,노동생산성,39290.0
전국,노지채소,노지고랭지무,자본생산성,1.01
전국,노지채소,노지고랭지무,kg당 경영비,206.0
전국,노지채소,노지고랭지무,kg당 생산비,304.0
전국,노지채소,노지고랭지배추,총수입,2525120.0
전국,노지채소,노지고랭지배추,주산물가액,2525120.0
전국,노지채소,노지고랭지배추,부산물가액,0.0
전국,노지채소,노지고랭지배추,주산물수량,5704.0
전국,노지채소,노지고랭지배추,수취가격,443.0
전국,노지채소,노지고랭지배추,종자·종묘비,117982.0
전국,노지채소,노지고랭지배추,보통(무기질)비료비,154685.0
전국,노지채소,노지고랭지배추,부산물(유기질)비료비,177795.0
전국,노지채소,노지고랭지배추,농약비,218774.0
전국,노지채소,노지고랭지배추,수도광열비,39228.0
전국,노지채소,노지고랭지배추,기타재료비,57726.0
전국,노지채소,노지고랭지배추,소농구비,1725.0
전국,노지채소,노지고랭지배추,대농구상각비,125818.0
전국,노지채소,노지고랭지배추,영농시설상각비,21467.0
전국,노지채소,노지고랭지배추,수리·유지비,13458.0
전국,노지채소,노지고랭지배추,기타비용,1043.0
전국,노지채소,노지고랭지배추,중간재비,929701.0
전국,노지채소,노지고랭지배추,농기계·시설임차료,1946.0
전국,노지채소,노지고랭지배추,토지임차료,119348.0
전국,노지채소,노지고랭지배추,위탁영농비,71243.0
전국,노지채소,노지고랭지배추,고용노동비,308525.0
전국,노지채소,노지고랭지배추,경영비,1430763.0
전국,노지채소,노지고랭지배추,자가노동비,463213.0
전국,노지채소,노지고랭지배추,유동자본용역비,11777.0
전국,노지채소,노지고랭지배추,고정자본용역비,19442.0
전국,노지채소,노지고랭지배추,토지자본용역비,159271.0
전국,노지채소,노지고랭지배추,생산비,2084466.0
전국,노지채소,노지고랭지배추,자가노동시간,22.0
전국,노지채소,노지고랭지배추,고용노동시간,21.0
전국,노지채소,노지고랭지배추,총노동시간,43.0
전국,노지채소,노지고랭지배추,소득,1094357.0
전국,노지채소,노지고랭지배추,소득률,43.3
전국,노지채소,노지고랭지배추,순수익,440654.0
전국,노지채소,노지고랭지배추,순수익율,17.5
전국,노지채소,노지고랭지배추,부가가치,1595419.0
전국,노지채소,노지고랭지배추,부가가치율,63.2
전국,노지채소,노지고랭지배추,토지생산성,3648.0
전국,노지채소,노지고랭지배추,노동생산성,25450.0
전국,노지채소,노지고랭지배추,자본생산성,0.76
전국,노지채소,노지고랭지배추,kg당 경영비,251.0
전국,노지채소,노지고랭지배추,kg당 생산비,365.0
전국,노지채소,노지당근,총수입,4146252.0
전국,노지채소,노지당근,주산물가액,4146252.0
전국,노지채소,노지당근,부산물가액,0.0
전국,노지채소,노지당근,주산물수량,4092.0
전국,노지채소,노지당근,수취가격,1013.0
전국,노지채소,노지당근,종자·종묘비,235279.0
전국,노지채소,노지당근,보통(무기질)비료비,122699.0
전국,노지채소,노지당근,부산물(유기질)비료비,174133.0
전국,노지채소,노지당근,농약비,101292.0
전국,노지채소,노지당근,수도광열비,48737.0
전국,노지채소,노지당근,기타재료비,213453.0
전국,노지채소,노지당근,소농구비,524.0
전국,노지채소,노지당근,대농구상각비,220649.0
전국,노지채소,노지당근,영농시설상각비,50589.0
전국,노지채소,노지당근,수리·유지비,15059.0
전국,노지채소,노지당근,기타비용,8076.0
전국,노지채소,노지당근,중간재비,1190490.0
전국,노지채소,노지당근,농기계·시설임차료,5157.0
전국,노지채소,노지당근,토지임차료,218007.0
전국,노지채소,노지당근,위탁영농비,59600.0
전국,노지채소,노지당근,고용노동비,702136.0
전국,노지채소,노지당근,경영비,2175390.0
전국,노지채소,노지당근,자가노동비,600343.0
전국,노지채소,노지당근,유동자본용역비,26611.0
전국,노지채소,노지당근,고정자본용역비,52246.0
전국,노지채소,노지당근,토지자본용역비,224412.0
전국,노지채소,노지당근,생산비,3079002.0
전국,노지채소,노지당근,자가노동시간,30.0
전국,노지채소,노지당근,고용노동시간,54.0
전국,노지채소,노지당근,총노동시간,84.0
전국,노지채소,노지당근,소득,1970862.0
전국,노지채소,노지당근,소득률,47.5
전국,노지채소,노지당근,순수익,1067250.0
전국,노지채소,노지당근,순수익율,25.7
전국,노지채소,노지당근,부가가치,2955762.0
전국,노지채소,노지당근,부가가치율,71.3
전국,노지채소,노지당근,토지생산성,6570.0
전국,노지채소,노지당근,노동생산성,23463.0
전국,노지채소,노지당근,자본생산성,0.91
전국,노지채소,노지당근,kg당 경영비,532.0
전국,노지채소,노지당근,kg당 생산비,752.0
전국,노지채소,노지대파,총수입,3322718.0
전국,노지채소,노지대파,주산물가액,3322718.0
전국,노지채소,노지대파,부산물가액,0.0
전국,노지채소,노지대파,주산물수량,3628.0
전국,노지채소,노지대파,수취가격,916.0
전국,노지채소,노지대파,종자·종묘비,172741.0
전국,노지채소,노지대파,보통(무기질)비료비,115120.0
전국,노지채소,노지대파,부산물(유기질)비료비,134599.0
전국,노지채소,노지대파,농약비,148541.0
전국,노지채소,노지대파,수도광열비,44193.0
전국,노지채소,노지대파,기타재료비,84685.0
전국,노지채소,노지대파,소농구비,2143.0
전국,노지채소,노지대파,대농구상각비,169081.0
전국,노지채소,노지대파,영농시설상각비,50876.0
전국,노지채소,노지대파,수리·유지비,21054.0
전국,노지채소,노지대파,기타비용,9813.0
전국,노지채소,노지대파,중간재비,952846.0
전국,노지채소,노지대파,농기계·시설임차료,6526.0
전국,노지채소,노지대파,토지임차료,138253.0
전국,노지채소,노지대파,위탁영농비,39377.0
전국,노지채소,노지대파,고용노동비,380879.0
전국,노지채소,노지대파,경영비,1517881.0
전국,노지채소,노지대파,자가노동비,1211027.0
전국,노지채소,노지대파,유동자본용역비,22096.0
전국,노지채소,노지대파,고정자본용역비,40981.0
전국,노지채소,노지대파,토지자본용역비,181454.0
전국,노지채소,노지대파,생산비,2973439.0
전국,노지채소,노지대파,자가노동시간,58.0
전국,노지채소,노지대파,고용노동시간,28.0
전국,노지채소,노지대파,총노동시간,86.0
전국,노지채소,노지대파,소득,1804837.0
전국,노지채소,노지대파,소득률,54.3
전국,노지채소,노지대파,순수익,349279.0
전국,노지채소,노지대파,순수익율,10.5
전국,노지채소,노지대파,부가가치,2369872.0
전국,노지채소,노지대파,부가가치율,71.3
전국,노지채소,노지대파,토지생산성,6016.0
전국,노지채소,노지대파,노동생산성,20986.0
전국,노지채소,노지대파,자본생산성,1.19
전국,노지채소,노지대파,kg당 경영비,418.0
전국,노지채소,노지대파,kg당 생산비,820.0
전국,노지채소,노지봄배추,총수입,2250084.0
전국,노지채소,노지봄배추,주산물가액,2250084.0
전국,노지채소,노지봄배추,부산물가액,0.0
전국,노지채소,노지봄배추,주산물수량,7345.0
전국,노지채소,노지봄배추,수취가격,306.0
전국,노지채소,노지봄배추,종자·종묘비,106178.0
전국,노지채소,노지봄배추,보통(무기질)비료비,116494.0
전국,노지채소,노지봄배추,부산물(유기질)비료비,109007.0
전국,노지채소,노지봄배추,농약비,113903.0
전국,노지채소,노지봄배추,수도광열비,28881.0
전국,노지채소,노지봄배추,기타재료비,97724.0
전국,노지채소,노지봄배추,소농구비,556.0
전국,노지채소,노지봄배추,대농구상각비,107244.0
전국,노지채소,노지봄배추,영농시설상각비,37711.0
전국,노지채소,노지봄배추,수리·유지비,9417.0
전국,노지채소,노지봄배추,기타비용,3441.0
전국,노지채소,노지봄배추,중간재비,730556.0
전국,노지채소,노지봄배추,농기계·시설임차료,4358.0
전국,노지채소,노지봄배추,토지임차료,86258.0
전국,노지채소,노지봄배추,위탁영농비,17609.0
전국,노지채소,노지봄배추,고용노동비,219770.0
전국,노지채소,노지봄배추,경영비,1058551.0
전국,노지채소,노지봄배추,자가노동비,660697.0
전국,노지채소,노지봄배추,유동자본용역비,7889.0
전국,노지채소,노지봄배추,고정자본용역비,19790.0
전국,노지채소,노지봄배추,토지자본용역비,80251.0
전국,노지채소,노지봄배추,생산비,1827178.0
전국,노지채소,노지봄배추,자가노동시간,32.0
전국,노지채소,노지봄배추,고용노동시간,17.0
전국,노지채소,노지봄배추,총노동시간,49.0
전국,노지채소,노지봄배추,소득,1191533.0
전국,노지채소,노지봄배추,소득률,53.0
전국,노지채소,노지봄배추,순수익,422906.0
전국,노지채소,노지봄배추,순수익율,18.8
전국,노지채소,노지봄배추,부가가치,1519528.0
전국,노지채소,노지봄배추,부가가치율,67.5
전국,노지채소,노지봄배추,토지생산성,3972.0
전국,노지채소,노지봄배추,노동생산성,24317.0
전국,노지채소,노지봄배추,자본생산성,1.13
전국,노지채소,노지봄배추,kg당 경영비,144.0
전국,노지채소,노지봄배추,kg당 생산비,249.0
전국,노지채소,노지생강,총수입,7791396.0
전국,노지채소,노지생강,주산물가액,7734159.0
전국,노지채소,노지생강,부산물가액,57237.0
전국,노지채소,노지생강,주산물수량,1578.0
전국,노지채소,노지생강,수취가격,4901.0
전국,노지채소,노지생강,종자·종묘비,1263470.0
전국,노지채소,노지생강,보통(무기질)비료비,186077.0
전국,노지채소,노지생강,부산물(유기질)비료비,246657.0
전국,노지채소,노지생강,농약비,195808.0
전국,노지채소,노지생강,수도광열비,59770.0
전국,노지채소,노지생강,기타재료비,189189.0
전국,노지채소,노지생강,소농구비,9780.0
전국,노지채소,노지생강,대농구상각비,241695.0
전국,노지채소,노지생강,영농시설상각비,144213.0
전국,노지채소,노지생강,수리·유지비,14898.0
전국,노지채소,노지생강,기타비용,5689.0
전국,노지채소,노지생강,중간재비,2557246.0
전국,노지채소,노지생강,농기계·시설임차료,2976.0
전국,노지채소,노지생강,토지임차료,122166.0
전국,노지채소,노지생강,위탁영농비,19075.0
전국,노지채소,노지생강,고용노동비,1066972.0
전국,노지채소,노지생강,경영비,3768435.0
전국,노지채소,노지생강,자가노동비,1767483.0
전국,노지채소,노지생강,유동자본용역비,53746.0
전국,노지채소,노지생강,고정자본용역비,100302.0
전국,노지채소,노지생강,토지자본용역비,169990.0
전국,노지채소,노지생강,생산비,5859956.0
전국,노지채소,노지생강,자가노동시간,86.0
전국,노지채소,노지생강,고용노동시간,77.0
전국,노지채소,노지생강,총노동시간,163.0
전국,노지채소,노지생강,소득,4022961.0
전국,노지채소,노지생강,소득률,51.6
전국,노지채소,노지생강,순수익,1931440.0
전국,노지채소,노지생강,순수익율,24.8
전국,노지채소,노지생강,부가가치,5234150.0
전국,노지채소,노지생강,부가가치율,67.2
전국,노지채소,노지생강,토지생산성,13410.0
전국,노지채소,노지생강,노동생산성,24681.0
전국,노지채소,노지생강,자본생산성,1.07
전국,노지채소,노지생강,kg당 경영비,2388.0
전국,노지채소,노지생강,kg당 생산비,3714.0
전국,노지채소,노지수박,총수입,4422505.0
전국,노지채소,노지수박,주산물가액,4422505.0
전국,노지채소,노지수박,부산물가액,0.0
전국,노지채소,노지수박,주산물수량,4594.0
전국,노지채소,노지수박,수취가격,963.0
전국,노지채소,노지수박,종자·종묘비,312816.0
전국,노지채소,노지수박,보통(무기질)비료비,110892.0
전국,노지채소,노지수박,부산물(유기질)비료비,156242.0
전국,노지채소,노지수박,농약비,209736.0
전국,노지채소,노지수박,수도광열비,46984.0
전국,노지채소,노지수박,기타재료비,213728.0
전국,노지채소,노지수박,소농구비,3420.0
전국,노지채소,노지수박,대농구상각비,167092.0
전국,노지채소,노지수박,영농시설상각비,13718.0
전국,노지채소,노지수박,수리·유지비,17188.0
전국,노지채소,노지수박,기타비용,2079.0
전국,노지채소,노지수박,중간재비,1253895.0
전국,노지채소,노지수박,농기계·시설임차료,4881.0
전국,노지채소,노지수박,토지임차료,138706.0
전국,노지채소,노지수박,위탁영농비,30396.0
전국,노지채소,노지수박,고용노동비,714034.0
전국,노지채소,노지수박,경영비,2141912.0
전국,노지채소,노지수박,자가노동비,856820.0
전국,노지채소,노지수박,유동자본용역비,18133.0
전국,노지채소,노지수박,고정자본용역비,45267.0
전국,노지채소,노지수박,토지자본용역비,73146.0
전국,노지채소,노지수박,생산비,3135278.0
전국,노지채소,노지수박,자가노동시간,42.0
전국,노지채소,노지수박,고용노동시간,50.0
전국,노지채소,노지수박,총노동시간,92.0
전국,노지채소,노지수박,소득,2280593.0
전국,노지채소,노지수박,소득률,51.6
전국,노지채소,노지수박,순수익,1287227.0
전국,노지채소,노지수박,순수익율,29.1
전국,노지채소,노지수박,부가가치,3168610.0
전국,노지채소,노지수박,부가가치율,71.6
전국,노지채소,노지수박,토지생산성,7602.0
전국,노지채소,노지수박,노동생산성,24789.0
전국,노지채소,노지수박,자본생산성,1.06
전국,노지채소,노지수박,kg당 경영비,466.0
전국,노지채소,노지수박,kg당 생산비,682.0
전국,노지채소,노지시금치,총수입,3271703.0
전국,노지채소,노지시금치,주산물가액,3271703.0
전국,노지채소,노지시금치,부산물가액,0.0
전국,노지채소,노지시금치,주산물수량,1165.0
전국,노지채소,노지시금치,수취가격,2808.0
전국,노지채소,노지시금치,종자·종묘비,88426.0
전국,노지채소,노지시금치,보통(무기질)비료비,77332.0
전국,노지채소,노지시금치,부산물(유기질)비료비,189243.0
전국,노지채소,노지시금치,농약비,32047.0
전국,노지채소,노지시금치,수도광열비,41926.0
전국,노지채소,노지시금치,기타재료비,111856.0
전국,노지채소,노지시금치,소농구비,7059.0
전국,노지채소,노지시금치,대농구상각비,226951.0
전국,노지채소,노지시금치,영농시설상각비,38425.0
전국,노지채소,노지시금치,수리·유지비,18546.0
전국,노지채소,노지시금치,기타비용,4649.0
전국,노지채소,노지시금치,중간재비,836460.0
전국,노지채소,노지시금치,농기계·시설임차료,1823.0
전국,노지채소,노지시금치,토지임차료,52472.0
전국,노지채소,노지시금치,위탁영농비,13035.0
전국,노지채소,노지시금치,고용노동비,273561.0
전국,노지채소,노지시금치,경영비,1177351.0
전국,노지채소,노지시금치,자가노동비,2578368.0
전국,노지채소,노지시금치,유동자본용역비,12573.0
전국,노지채소,노지시금치,고정자본용역비,58026.0
전국,노지채소,노지시금치,토지자본용역비,64418.0
전국,노지채소,노지시금치,생산비,3890736.0
전국,노지채소,노지시금치,자가노동시간,121.0
전국,노지채소,노지시금치,고용노동시간,26.0
전국,노지채소,노지시금치,총노동시간,147.0
전국,노지채소,노지시금치,소득,2094352.0
전국,노지채소,노지시금치,소득률,64.0
전국,노지채소,노지시금치,순수익,-619033.0
전국,노지채소,노지시금치,순수익율,-18.9
전국,노지채소,노지시금치,부가가치,2435243.0
전국,노지채소,노지시금치,부가가치율,74.4
전국,노지채소,노지시금치,토지생산성,6981.0
전국,노지채소,노지시금치,노동생산성,14247.0
전국,노지채소,노지시금치,자본생산성,1.78
전국,노지채소,노지시금치,kg당 경영비,1011.0
전국,노지채소,노지시금치,kg당 생산비,3340.0
전국,노지채소,노지양배추,총수입,2295476.0
전국,노지채소,노지양배추,주산물가액,2295476.0
전국,노지채소,노지양배추,부산물가액,0.0
전국,노지채소,노지양배추,주산물수량,6443.0
전국,노지채소,노지양배추,수취가격,356.0
전국,노지채소,노지양배추,종자·종묘비,110753.0
전국,노지채소,노지양배추,보통(무기질)비료비,127373.0
전국,노지채소,노지양배추,부산물(유기질)비료비,160772.0
전국,노지채소,노지양배추,농약비,143484.0
전국,노지채소,노지양배추,수도광열비,35294.0
전국,노지채소,노지양배추,기타재료비,80810.0
전국,노지채소,노지양배추,소농구비,1907.0
전국,노지채소,노지양배추,대농구상각비,138573.0
전국,노지채소,노지양배추,영농시설상각비,46431.0
전국,노지채소,노지양배추,수리·유지비,12723.0
전국,노지채소,노지양배추,기타비용,6523.0
전국,노지채소,노지양배추,중간재비,864643.0
전국,노지채소,노지양배추,농기계·시설임차료,2113.0
전국,노지채소,노지양배추,토지임차료,93388.0
전국,노지채소,노지양배추,위탁영농비,56638.0
전국,노지채소,노지양배추,고용노동비,295402.0
전국,노지채소,노지양배추,경영비,1312184.0
전국,노지채소,노지양배추,자가노동비,483846.0
전국,노지채소,노지양배추,유동자본용역비,13857.0
전국,노지채소,노지양배추,고정자본용역비,27396.0
전국,노지채소,노지양배추,토지자본용역비,75729.0
전국,노지채소,노지양배추,생산비,1913012.0
전국,노지채소,노지양배추,자가노동시간,23.0
전국,노지채소,노지양배추,고용노동시간,22.0
전국,노지채소,노지양배추,총노동시간,45.0
전국,노지채소,노지양배추,소득,983292.0
전국,노지채소,노지양배추,소득률,42.8
전국,노지채소,노지양배추,순수익,382464.0
전국,노지채소,노지양배추,순수익율,16.7
전국,노지채소,노지양배추,부가가치,1430833.0
전국,노지채소,노지양배추,부가가치율,62.3
전국,노지채소,노지양배추,토지생산성,3278.0
전국,노지채소,노지양배추,노동생산성,21851.0
전국,노지채소,노지양배추,자본생산성,0.75
전국,노지채소,노지양배추,kg당 경영비,204.0
전국,노지채소,노지양배추,kg당 생산비,297.0
전국,노지채소,노지쪽파,총수입,5586918.0
전국,노지채소,노지쪽파,주산물가액,5580611.0
전국,노지채소,노지쪽파,부산물가액,6307.0
전국,노지채소,노지쪽파,주산물수량,1691.0
전국,노지채소,노지쪽파,수취가격,3300.0
전국,노지채소,노지쪽파,종자·종묘비,585843.0
전국,노지채소,노지쪽파,보통(무기질)비료비,135535.0
전국,노지채소,노지쪽파,부산물(유기질)비료비,141879.0
전국,노지채소,노지쪽파,농약비,96634.0
전국,노지채소,노지쪽파,수도광열비,81694.0
전국,노지채소,노지쪽파,기타재료비,165289.0
전국,노지채소,노지쪽파,소농구비,3120.0
전국,노지채소,노지쪽파,대농구상각비,230518.0
전국,노지채소,노지쪽파,영농시설상각비,67829.0
전국,노지채소,노지쪽파,수리·유지비,27340.0
전국,노지채소,노지쪽파,기타비용,9111.0
전국,노지채소,노지쪽파,중간재비,1544792.0
전국,노지채소,노지쪽파,농기계·시설임차료,3210.0
전국,노지채소,노지쪽파,토지임차료,88267.0
전국,노지채소,노지쪽파,위탁영농비,48607.0
전국,노지채소,노지쪽파,고용노동비,546905.0
전국,노지채소,노지쪽파,경영비,2231781.0
전국,노지채소,노지쪽파,자가노동비,2063483.0
전국,노지채소,노지쪽파,유동자본용역비,18908.0
전국,노지채소,노지쪽파,고정자본용역비,42018.0
전국,노지채소,노지쪽파,토지자본용역비,139183.0
전국,노지채소,노지쪽파,생산비,4495373.0
전국,노지채소,노지쪽파,자가노동시간,99.0
전국,노지채소,노지쪽파,고용노동시간,41.0
전국,노지채소,노지쪽파,총노동시간,140.0
전국,노지채소,노지쪽파,소득,3355137.0
전국,노지채소,노지쪽파,소득률,60.1
전국,노지채소,노지쪽파,순수익,1091545.0
전국,노지채소,노지쪽파,순수익율,19.5
전국,노지채소,노지쪽파,부가가치,4042126.0
전국,노지채소,노지쪽파,부가가치율,72.3
전국,노지채소,노지쪽파,토지생산성,11184.0
전국,노지채소,노지쪽파,노동생산성,23965.0
전국,노지채소,노지쪽파,자본생산성,1.5
전국,노지채소,노지쪽파,kg당 경영비,1320.0
전국,노지채소,노지쪽파,kg당 생산비,2658.0
전국,시설채소,시설가지,총수입,24967994.0
전국,시설채소,시설가지,주산물가액,24967994.0
전국,시설채소,시설가지,부산물가액,0.0
전국,시설채소,시설가지,주산물수량,11844.0
전국,시설채소,시설가지,수취가격,2108.0
전국,시설채소,시설가지,종자·종묘비,664971.0
전국,시설채소,시설가지,보통(무기질)비료비,720147.0
전국,시설채소,시설가지,부산물(유기질)비료비,275555.0
전국,시설채소,시설가지,농약비,669159.0
전국,시설채소,시설가지,수도광열비,2363297.0
전국,시설채소,시설가지,기타재료비,2776904.0
전국,시설채소,시설가지,소농구비,20131.0
전국,시설채소,시설가지,대농구상각비,532979.0
전국,시설채소,시설가지,영농시설상각비,2627150.0
전국,시설채소,시설가지,수리·유지비,70729.0
전국,시설채소,시설가지,기타비용,95451.0
전국,시설채소,시설가지,중간재비,10816473.0
전국,시설채소,시설가지,농기계·시설임차료,59367.0
전국,시설채소,시설가지,토지임차료,219835.0
전국,시설채소,시설가지,위탁영농비,437.0
전국,시설채소,시설가지,고용노동비,2346206.0
전국,시설채소,시설가지,경영비,13442318.0
전국,시설채소,시설가지,자가노동비,8798618.0
전국,시설채소,시설가지,유동자본용역비,232229.0
전국,시설채소,시설가지,고정자본용역비,412853.0
전국,시설채소,시설가지,토지자본용역비,341565.0
전국,시설채소,시설가지,생산비,23227583.0
전국,시설채소,시설가지,자가노동시간,423.0
전국,시설채소,시설가지,고용노동시간,214.0
전국,시설채소,시설가지,총노동시간,637.0
전국,시설채소,시설가지,소득,11525676.0
전국,시설채소,시설가지,소득률,46.2
전국,시설채소,시설가지,순수익,1740411.0
전국,시설채소,시설가지,순수익율,7.0
전국,시설채소,시설가지,부가가치,14151521.0
전국,시설채소,시설가지,부가가치율,56.7
전국,시설채소,시설가지,토지생산성,38419.0
전국,시설채소,시설가지,노동생산성,18094.0
전국,시설채소,시설가지,자본생산성,0.86
전국,시설채소,시설가지,kg당 경영비,1135.0
전국,시설채소,시설가지,kg당 생산비,1961.0
전국,시설채소,시설고추,총수입,17981386.0
전국,시설채소,시설고추,주산물가액,17979752.0
전국,시설채소,시설고추,부산물가액,1634.0
전국,시설채소,시설고추,주산물수량,5241.0
전국,시설채소,시설고추,수취가격,3431.0
전국,시설채소,시설고추,종자·종묘비,573262.0
전국,시설채소,시설고추,보통(무기질)비료비,334056.0
전국,시설채소,시설고추,부산물(유기질)비료비,408513.0
전국,시설채소,시설고추,농약비,576076.0
전국,시설채소,시설고추,수도광열비,1678528.0
전국,시설채소,시설고추,기타재료비,1241201.0
전국,시설채소,시설고추,소농구비,5706.0
전국,시설채소,시설고추,대농구상각비,398722.0
전국,시설채소,시설고추,영농시설상각비,1510965.0
전국,시설채소,시설고추,수리·유지비,71105.0
전국,시설채소,시설고추,기타비용,63189.0
전국,시설채소,시설고추,중간재비,6861323.0
전국,시설채소,시설고추,농기계·시설임차료,11739.0
전국,시설채소,시설고추,토지임차료,230394.0
전국,시설채소,시설고추,위탁영농비,13421.0
전국,시설채소,시설고추,고용노동비,1420846.0
전국,시설채소,시설고추,경영비,8537723.0
전국,시설채소,시설고추,자가노동비,5497859.0
전국,시설채소,시설고추,유동자본용역비,130454.0
전국,시설채소,시설고추,고정자본용역비,248656.0
전국,시설채소,시설고추,토지자본용역비,368452.0
전국,시설채소,시설고추,생산비,14783144.0
전국,시설채소,시설고추,자가노동시간,265.0
전국,시설채소,시설고추,고용노동시간,132.0
전국,시설채소,시설고추,총노동시간,397.0
전국,시설채소,시설고추,소득,9443663.0
전국,시설채소,시설고추,소득률,52.5
전국,시설채소,시설고추,순수익,3198242.0
전국,시설채소,시설고추,순수익율,17.8
전국,시설채소,시설고추,부가가치,11120063.0
전국,시설채소,시설고추,부가가치율,61.8
전국,시설채소,시설고추,토지생산성,31479.0
전국,시설채소,시설고추,노동생산성,23788.0
전국,시설채소,시설고추,자본생산성,1.11
전국,시설채소,시설고추,kg당 경영비,1629.0
전국,시설채소,시설고추,kg당 생산비,2821.0
전국,시설채소,시설딸기,총수입,25415895.0
전국,시설채소,시설딸기,주산물가액,25386251.0
전국,시설채소,시설딸기,부산물가액,29644.0
전국,시설채소,시설딸기,주산물수량,3130.0
전국,시설채소,시설딸기,수취가격,8111.0
전국,시설채소,시설딸기,종자·종묘비,3353050.0
전국,시설채소,시설딸기,보통(무기질)비료비,583336.0
전국,시설채소,시설딸기,부산물(유기질)비료비,163292.0
전국,시설채소,시설딸기,농약비,502235.0
전국,시설채소,시설딸기,수도광열비,1361950.0
전국,시설채소,시설딸기,기타재료비,2481344.0
전국,시설채소,시설딸기,소농구비,8974.0
전국,시설채소,시설딸기,대농구상각비,516547.0
전국,시설채소,시설딸기,영농시설상각비,2594023.0
전국,시설채소,시설딸기,수리·유지비,83135.0
전국,시설채소,시설딸기,기타비용,99901.0
전국,시설채소,시설딸기,중간재비,11747787.0
전국,시설채소,시설딸기,농기계·시설임차료,25441.0
전국,시설채소,시설딸기,토지임차료,344013.0
전국,시설채소,시설딸기,위탁영농비,35355.0
전국,시설채소,시설딸기,고용노동비,2036238.0
전국,시설채소,시설딸기,경영비,14188834.0
전국,시설채소,시설딸기,자가노동비,9447687.0
전국,시설채소,시설딸기,유동자본용역비,220053.0
전국,시설채소,시설딸기,고정자본용역비,646855.0
전국,시설채소,시설딸기,토지자본용역비,304749.0
전국,시설채소,시설딸기,생산비,24808178.0
전국,시설채소,시설딸기,자가노동시간,464.0
전국,시설채소,시설딸기,고용노동시간,194.0
전국,시설채소,시설딸기,총노동시간,658.0
전국,시설채소,시설딸기,소득,11227061.0
전국,시설채소,시설딸기,소득률,44.2
전국,시설채소,시설딸기,순수익,607717.0
전국,시설채소,시설딸기,순수익율,2.4
전국,시설채소,시설딸기,부가가치,13668108.0
전국,시설채소,시설딸기,부가가치율,53.8
전국,시설채소,시설딸기,토지생산성,37424.0
전국,시설채소,시설딸기,노동생산성,17062.0
전국,시설채소,시설딸기,자본생산성,0.79
전국,시설채소,시설딸기,kg당 경영비,4533.0
전국,시설채소,시설딸기,kg당 생산비,7926.0
전국,시설채소,시설방울토마토,총수입,17159901.0
전국,시설채소,시설방울토마토,주산물가액,17158800.0
전국,시설채소,시설방울토마토,부산물가액,1101.0
전국,시설채소,시설방울토마토,주산물수량,5134.0
전국,시설채소,시설방울토마토,수취가격,3342.0
전국,시설채소,시설방울토마토,종자·종묘비,1304144.0
전국,시설채소,시설방울토마토,보통(무기질)비료비,548232.0
전국,시설채소,시설방울토마토,부산물(유기질)비료비,209239.0
전국,시설채소,시설방울토마토,농약비,232168.0
전국,시설채소,시설방울토마토,수도광열비,1722773.0
전국,시설채소,시설방울토마토,기타재료비,1785183.0
전국,시설채소,시설방울토마토,소농구비,12398.0
전국,시설채소,시설방울토마토,대농구상각비,486343.0
전국,시설채소,시설방울토마토,영농시설상각비,1858851.0
전국,시설채소,시설방울토마토,수리·유지비,47271.0
전국,시설채소,시설방울토마토,기타비용,120724.0
전국,시설채소,시설방울토마토,중간재비,8327326.0
전국,시설채소,시설방울토마토,농기계·시설임차료,13527.0
전국,시설채소,시설방울토마토,토지임차료,237227.0
전국,시설채소,시설방울토마토,위탁영농비,32704.0
전국,시설채소,시설방울토마토,고용노동비,1774372.0
전국,시설채소,시설방울토마토,경영비,10385156.0
전국,시설채소,시설방울토마토,자가노동비,5176861.0
전국,시설채소,시설방울토마토,유동자본용역비,146541.0
전국,시설채소,시설방울토마토,고정자본용역비,454282.0
전국,시설채소,시설방울토마토,토지자본용역비,235381.0
전국,시설채소,시설방울토마토,생산비,16398221.0
전국,시설채소,시설방울토마토,자가노동시간,257.0
전국,시설채소,시설방울토마토,고용노동시간,172.0
전국,시설채소,시설방울토마토,총노동시간,429.0
전국,시설채소,시설방울토마토,소득,6774745.0
전국,시설채소,시설방울토마토,소득률,39.5
전국,시설채소,시설방울토마토,순수익,761680.0
전국,시설채소,시설방울토마토,순수익율,4.4
전국,시설채소,시설방울토마토,부가가치,8832575.0
전국,시설채소,시설방울토마토,부가가치율,51.5
전국,시설채소,시설방울토마토,토지생산성,22582.0
전국,시설채소,시설방울토마토,노동생산성,15792.0
전국,시설채소,시설방울토마토,자본생산성,0.65
전국,시설채소,시설방울토마토,kg당 경영비,2023.0
전국,시설채소,시설방울토마토,kg당 생산비,3194.0
전국,시설채소,시설부추,총수입,9996126.0
전국,시설채소,시설부추,주산물가액,9996126.0
전국,시설채소,시설부추,부산물가액,0.0
전국,시설채소,시설부추,주산물수량,4089.0
전국,시설채소,시설부추,수취가격,2445.0
전국,시설채소,시설부추,종자·종묘비,195252.0
전국,시설채소,시설부추,보통(무기질)비료비,184731.0
전국,시설채소,시설부추,부산물(유기질)비료비,493416.0
전국,시설채소,시설부추,농약비,136973.0
전국,시설채소,시설부추,수도광열비,209019.0
전국,시설채소,시설부추,기타재료비,943386.0
전국,시설채소,시설부추,소농구비,12304.0
전국,시설채소,시설부추,대농구상각비,303406.0
전국,시설채소,시설부추,영농시설상각비,935093.0
전국,시설채소,시설부추,수리·유지비,73255.0
전국,시설채소,시설부추,기타비용,34782.0
전국,시설채소,시설부추,중간재비,3521617.0
전국,시설채소,시설부추,농기계·시설임차료,23681.0
전국,시설채소,시설부추,토지임차료,449637.0
전국,시설채소,시설부추,위탁영농비,10437.0
전국,시설채소,시설부추,고용노동비,1833967.0
전국,시설채소,시설부추,경영비,5839339.0
전국,시설채소,시설부추,자가노동비,3731946.0
전국,시설채소,시설부추,유동자본용역비,106314.0
전국,시설채소,시설부추,고정자본용역비,163494.0
전국,시설채소,시설부추,토지자본용역비,178472.0
전국,시설채소,시설부추,생산비,10019565.0
전국,시설채소,시설부추,자가노동시간,184.0
전국,시설채소,시설부추,고용노동시간,176.0
전국,시설채소,시설부추,총노동시간,360.0
전국,시설채소,시설부추,소득,4156787.0
전국,시설채소,시설부추,소득률,41.6
전국,시설채소,시설부추,순수익,-23439.0
전국,시설채소,시설부추,순수익율,-0.2
전국,시설채소,시설부추,부가가치,6474509.0
전국,시설채소,시설부추,부가가치율,64.8
전국,시설채소,시설부추,토지생산성,13856.0
전국,시설채소,시설부추,노동생산성,11547.0
전국,시설채소,시설부추,자본생산성,0.71
전국,시설채소,시설부추,kg당 경영비,1428.0
전국,시설채소,시설부추,kg당 생산비,2450.0
전국,시설채소,시설상추,총수입,9906896.0
전국,시설채소,시설상추,주산물가액,9906553.0
전국,시설채소,시설상추,부산물가액,343.0
전국,시설채소,시설상추,주산물수량,3194.0
전국,시설채소,시설상추,수취가격,3102.0
전국,시설채소,시설상추,종자·종묘비,338766.0
전국,시설채소,시설상추,보통(무기질)비료비,161854.0
전국,시설채소,시설상추,부산물(유기질)비료비,263125.0
전국,시설채소,시설상추,농약비,110796.0
전국,시설채소,시설상추,수도광열비,265492.0
전국,시설채소,시설상추,기타재료비,1064391.0
전국,시설채소,시설상추,소농구비,6945.0
전국,시설채소,시설상추,대농구상각비,332859.0
전국,시설채소,시설상추,영농시설상각비,832837.0
전국,시설채소,시설상추,수리·유지비,50077.0
전국,시설채소,시설상추,기타비용,38138.0
전국,시설채소,시설상추,중간재비,3465280.0
전국,시설채소,시설상추,농기계·시설임차료,8007.0
전국,시설채소,시설상추,토지임차료,232540.0
전국,시설채소,시설상추,위탁영농비,5051.0
전국,시설채소,시설상추,고용노동비,1427383.0
전국,시설채소,시설상추,경영비,5138261.0
전국,시설채소,시설상추,자가노동비,4801813.0
전국,시설채소,시설상추,유동자본용역비,54599.0
전국,시설채소,시설상추,고정자본용역비,174379.0
전국,시설채소,시설상추,토지자본용역비,159515.0
전국,시설채소,시설상추,생산비,10328567.0
전국,시설채소,시설상추,자가노동시간,233.0
전국,시설채소,시설상추,고용노동시간,142.0
전국,시설채소,시설상추,총노동시간,375.0
전국,시설채소,시설상추,소득,4768635.0
전국,시설채소,시설상추,소득률,48.1
전국,시설채소,시설상추,순수익,-421671.0
전국,시설채소,시설상추,순수익율,-4.3
전국,시설채소,시설상추,부가가치,6441616.0
전국,시설채소,시설상추,부가가치율,65.0
전국,시설채소,시설상추,토지생산성,15895.0
전국,시설채소,시설상추,노동생산성,12716.0
전국,시설채소,시설상추,자본생산성,0.93
전국,시설채소,시설상추,kg당 경영비,1609.0
전국,시설채소,시설상추,kg당 생산비,3234.0
전국,시설채소,시설시금치,총수입,3273214.0
전국,시설채소,시설시금치,주산물가액,3273214.0
전국,시설채소,시설시금치,부산물가액,0.0
전국,시설채소,시설시금치,주산물수량,1351.0
전국,시설채소,시설시금치,수취가격,2423.0
전국,시설채소,시설시금치,종자·종묘비,91973.0
전국,시설채소,시설시금치,보통(무기질)비료비,56785.0
전국,시설채소,시설시금치,부산물(유기질)비료비,155158.0
전국,시설채소,시설시금치,농약비,50316.0
전국,시설채소,시설시금치,수도광열비,58201.0
전국,시설채소,시설시금치,기타재료비,196757.0
전국,시설채소,시설시금치,소농구비,5550.0
전국,시설채소,시설시금치,대농구상각비,217204.0
전국,시설채소,시설시금치,영농시설상각비,370076.0
전국,시설채소,시설시금치,수리·유지비,46541.0
전국,시설채소,시설시금치,기타비용,21007.0
전국,시설채소,시설시금치,중간재비,1269568.0
전국,시설채소,시설시금치,농기계·시설임차료,989.0
전국,시설채소,시설시금치,토지임차료,131230.0
전국,시설채소,시설시금치,위탁영농비,4292.0
전국,시설채소,시설시금치,고용노동비,495622.0
전국,시설채소,시설시금치,경영비,1901701.0
전국,시설채소,시설시금치,자가노동비,1093591.0
전국,시설채소,시설시금치,유동자본용역비,13350.0
전국,시설채소,시설시금치,고정자본용역비,71969.0
전국,시설채소,시설시금치,토지자본용역비,182810.0
전국,시설채소,시설시금치,생산비,3263421.0
전국,시설채소,시설시금치,자가노동시간,55.0
전국,시설채소,시설시금치,고용노동시간,50.0
전국,시설채소,시설시금치,총노동시간,105.0
전국,시설채소,시설시금치,소득,1371513.0
전국,시설채소,시설시금치,소득률,41.9
전국,시설채소,시설시금치,순수익,9793.0
전국,시설채소,시설시금치,순수익율,0.3
전국,시설채소,시설시금치,부가가치,2003646.0
전국,시설채소,시설시금치,부가가치율,61.2
전국,시설채소,시설시금치,토지생산성,4572.0
전국,시설채소,시설시금치,노동생산성,13062.0
전국,시설채소,시설시금치,자본생산성,0.72
전국,시설채소,시설시금치,kg당 경영비,1408.0
전국,시설채소,시설시금치,kg당 생산비,2416.0
전국,시설채소,시설착색단고추(파프리카),총수입,37208451.0
전국,시설채소,시설착색단고추(파프리카),주산물가액,37206756.0
전국,시설채소,시설착색단고추(파프리카),부산물가액,1695.0
전국,시설채소,시설착색단고추(파프리카),주산물수량,12518.0
전국,시설채소,시설착색단고추(파프리카),수취가격,2972.0
전국,시설채소,시설착색단고추(파프리카),종자·종묘비,2166809.0
전국,시설채소,시설착색단고추(파프리카),보통(무기질)비료비,2381084.0
전국,시설채소,시설착색단고추(파프리카),부산물(유기질)비료비,18126.0
전국,시설채소,시설착색단고추(파프리카),농약비,997457.0
전국,시설채소,시설착색단고추(파프리카),수도광열비,5973196.0
전국,시설채소,시설착색단고추(파프리카),기타재료비,5199537.0
전국,시설채소,시설착색단고추(파프리카),소농구비,8617.0
전국,시설채소,시설착색단고추(파프리카),대농구상각비,1425267.0
전국,시설채소,시설착색단고추(파프리카),영농시설상각비,4633613.0
전국,시설채소,시설착색단고추(파프리카),수리·유지비,234210.0
전국,시설채소,시설착색단고추(파프리카),기타비용,264935.0
전국,시설채소,시설착색단고추(파프리카),중간재비,23302851.0
전국,시설채소,시설착색단고추(파프리카),농기계·시설임차료,42140.0
전국,시설채소,시설착색단고추(파프리카),토지임차료,249039.0
전국,시설채소,시설착색단고추(파프리카),위탁영농비,16885.0
전국,시설채소,시설착색단고추(파프리카),고용노동비,4154460.0
전국,시설채소,시설착색단고추(파프리카),경영비,27765375.0
전국,시설채소,시설착색단고추(파프리카),자가노동비,3247837.0
전국,시설채소,시설착색단고추(파프리카),유동자본용역비,525645.0
전국,시설채소,시설착색단고추(파프리카),고정자본용역비,1845541.0
전국,시설채소,시설착색단고추(파프리카),토지자본용역비,440616.0
전국,시설채소,시설착색단고추(파프리카),생산비,33825014.0
전국,시설채소,시설착색단고추(파프리카),자가노동시간,155.0
전국,시설채소,시설착색단고추(파프리카),고용노동시간,376.0
전국,시설채소,시설착색단고추(파프리카),총노동시간,531.0
전국,시설채소,시설착색단고추(파프리카),소득,9443076.0
전국,시설채소,시설착색단고추(파프리카),소득률,25.4
전국,시설채소,시설착색단고추(파프리카),순수익,3383437.0
전국,시설채소,시설착색단고추(파프리카),순수익율,9.1
전국,시설채소,시설착색단고추(파프리카),부가가치,13905600.0
전국,시설채소,시설착색단고추(파프리카),부가가치율,37.4
전국,시설채소,시설착색단고추(파프리카),토지생산성,31477.0
전국,시설채소,시설착색단고추(파프리카),노동생산성,17784.0
전국,시설채소,시설착색단고추(파프리카),자본생산성,0.34
전국,시설채소,시설착색단고추(파프리카),kg당 경영비,2218.0
전국,시설채소,시설착색단고추(파프리카),kg당 생산비,2702.0
전국,시설채소,시설참외,총수입,11181269.0
전국,시설채소,시설참외,주산물가액,11181269.0
전국,시설채소,시설참외,부산물가액,0.0
전국,시설채소,시설참외,주산물수량,3925.0
전국,시설채소,시설참외,수취가격,2849.0
전국,시설채소,시설참외,종자·종묘비,368985.0
전국,시설채소,시설참외,보통(무기질)비료비,347514.0
전국,시설채소,시설참외,부산물(유기질)비료비,280266.0
전국,시설채소,시설참외,농약비,302269.0
전국,시설채소,시설참외,수도광열비,146827.0
전국,시설채소,시설참외,기타재료비,1507682.0
전국,시설채소,시설참외,소농구비,11214.0
전국,시설채소,시설참외,대농구상각비,350070.0
전국,시설채소,시설참외,영농시설상각비,822449.0
전국,시설채소,시설참외,수리·유지비,46299.0
전국,시설채소,시설참외,기타비용,56763.0
전국,시설채소,시설참외,중간재비,4240338.0
전국,시설채소,시설참외,농기계·시설임차료,34064.0
전국,시설채소,시설참외,토지임차료,302257.0
전국,시설채소,시설참외,위탁영농비,89970.0
전국,시설채소,시설참외,고용노동비,693838.0
전국,시설채소,시설참외,경영비,5360467.0
전국,시설채소,시설참외,자가노동비,4440395.0
전국,시설채소,시설참외,유동자본용역비,84254.0
전국,시설채소,시설참외,고정자본용역비,140868.0
전국,시설채소,시설참외,토지자본용역비,287392.0
전국,시설채소,시설참외,생산비,10313376.0
전국,시설채소,시설참외,자가노동시간,221.0
전국,시설채소,시설참외,고용노동시간,51.0
전국,시설채소,시설참외,총노동시간,272.0
전국,시설채소,시설참외,소득,5820802.0
전국,시설채소,시설참외,소득률,52.1
전국,시설채소,시설참외,순수익,867893.0
전국,시설채소,시설참외,순수익율,7.8
전국,시설채소,시설참외,부가가치,6940931.0
전국,시설채소,시설참외,부가가치율,62.1
전국,시설채소,시설참외,토지생산성,19403.0
전국,시설채소,시설참외,노동생산성,21400.0
전국,시설채소,시설참외,자본생산성,1.09
전국,시설채소,시설참외,kg당 경영비,1366.0
전국,시설채소,시설참외,kg당 생산비,2628.0
전국,시설채소,시설호박,총수입,14234540.0
전국,시설채소,시설호박,주산물가액,14233725.0
전국,시설채소,시설호박,부산물가액,815.0
전국,시설채소,시설호박,주산물수량,8016.0
전국,시설채소,시설호박,수취가격,1776.0
전국,시설채소,시설호박,종자·종묘비,380461.0
전국,시설채소,시설호박,보통(무기질)비료비,326366.0
전국,시설채소,시설호박,부산물(유기질)비료비,384626.0
전국,시설채소,시설호박,농약비,251120.0
전국,시설채소,시설호박,수도광열비,1224192.0
전국,시설채소,시설호박,기타재료비,1761700.0
전국,시설채소,시설호박,소농구비,9429.0
전국,시설채소,시설호박,대농구상각비,415486.0
전국,시설채소,시설호박,영농시설상각비,1063796.0
전국,시설채소,시설호박,수리·유지비,60586.0
전국,시설채소,시설호박,기타비용,63247.0
전국,시설채소,시설호박,중간재비,5941009.0
전국,시설채소,시설호박,농기계·시설임차료,13745.0
전국,시설채소,시설호박,토지임차료,318177.0
전국,시설채소,시설호박,위탁영농비,15198.0
전국,시설채소,시설호박,고용노동비,1064032.0
전국,시설채소,시설호박,경영비,7352161.0
전국,시설채소,시설호박,자가노동비,5594497.0
전국,시설채소,시설호박,유동자본용역비,103973.0
전국,시설채소,시설호박,고정자본용역비,254973.0
전국,시설채소,시설호박,토지자본용역비,202001.0
전국,시설채소,시설호박,생산비,13507605.0
전국,시설채소,시설호박,자가노동시간,275.0
전국,시설채소,시설호박,고용노동시간,97.0
전국,시설채소,시설호박,총노동시간,372.0
전국,시설채소,시설호박,소득,6882379.0
전국,시설채소,시설호박,소득률,48.3
전국,시설채소,시설호박,순수익,726935.0
전국,시설채소,시설호박,순수익율,5.1
전국,시설채소,시설호박,부가가치,8293531.0
전국,시설채소,시설호박,부가가치율,58.3
전국,시설채소,시설호박,토지생산성,22941.0
전국,시설채소,시설호박,노동생산성,18501.0
전국,시설채소,시설호박,자본생산성,0.94
전국,시설채소,시설호박,kg당 경영비,917.0
전국,시설채소,시설호박,kg당 생산비,1685.0
전국,일반작물,가을감자,총수입,2396863.0
전국,일반작물,가을감자,주산물가액,2396863.0
전국,일반작물,가을감자,부산물가액,0.0
전국,일반작물,가을감자,주산물수량,1597.0
전국,일반작물,가을감자,수취가격,1501.0
전국,일반작물,가을감자,종자·종묘비,321864.0
전국,일반작물,가을감자,보통(무기질)비료비,122292.0
전국,일반작물,가을감자,부산물(유기질)비료비,105117.0
전국,일반작물,가을감자,농약비,67881.0
전국,일반작물,가을감자,수도광열비,40976.0
전국,일반작물,가을감자,기타재료비,106732.0
전국,일반작물,가을감자,소농구비,606.0
전국,일반작물,가을감자,대농구상각비,177344.0
전국,일반작물,가을감자,영농시설상각비,39141.0
전국,일반작물,가을감자,수리·유지비,10576.0
전국,일반작물,가을감자,기타비용,20315.0
전국,일반작물,가을감자,중간재비,1012844.0
전국,일반작물,가을감자,농기계·시설임차료,2469.0
전국,일반작물,가을감자,토지임차료,115155.0
전국,일반작물,가을감자,위탁영농비,22803.0
전국,일반작물,가을감자,고용노동비,285462.0
전국,일반작물,가을감자,경영비,1438733.0
전국,일반작물,가을감자,자가노동비,475398.0
전국,일반작물,가을감자,유동자본용역비,14696.0
전국,일반작물,가을감자,고정자본용역비,51151.0
전국,일반작물,가을감자,토지자본용역비,102974.0
전국,일반작물,가을감자,생산비,2082952.0
전국,일반작물,가을감자,자가노동시간,23.0
전국,일반작물,가을감자,고용노동시간,22.0
전국,일반작물,가을감자,총노동시간,45.0
전국,일반작물,가을감자,소득,958130.0
전국,일반작물,가을감자,소득률,40.0
전국,일반작물,가을감자,순수익,313911.0
전국,일반작물,가을감자,순수익율,13.1
전국,일반작물,가을감자,부가가치,1384019.0
전국,일반작물,가을감자,부가가치율,57.7
전국,일반작물,가을감자,토지생산성,3194.0
전국,일반작물,가을감자,노동생산성,21292.0
전국,일반작물,가을감자,자본생산성,0.67
전국,일반작물,가을감자,kg당 경영비,901.0
전국,일반작물,가을감자,kg당 생산비,1304.0
전국,일반작물,겉보리,총수입,431984.0
전국,일반작물,겉보리,주산물가액,431195.0
전국,일반작물,겉보리,부산물가액,789.0
전국,일반작물,겉보리,주산물수량,508.0
전국,일반작물,겉보리,수취가격,849.0
전국,일반작물,겉보리,종자·종묘비,27441.0
전국,일반작물,겉보리,보통(무기질)비료비,33779.0
전국,일반작물,겉보리,부산물(유기질)비료비,7874.0
전국,일반작물,겉보리,농약비,10581.0
전국,일반작물,겉보리,수도광열비,20989.0
전국,일반작물,겉보리,기타재료비,5179.0
전국,일반작물,겉보리,소농구비,609.0
전국,일반작물,겉보리,대농구상각비,97810.0
전국,일반작물,겉보리,영농시설상각비,6872.0
전국,일반작물,겉보리,수리·유지비,8218.0
전국,일반작물,겉보리,기타비용,115.0
전국,일반작물,겉보리,중간재비,219467.0
전국,일반작물,겉보리,농기계·시설임차료,1935.0
전국,일반작물,겉보리,토지임차료,47138.0
전국,일반작물,겉보리,위탁영농비,11059.0
전국,일반작물,겉보리,고용노동비,5781.0
전국,일반작물,겉보리,경영비,285380.0
전국,일반작물,겉보리,자가노동비,100979.0
전국,일반작물,겉보리,유동자본용역비,3356.0
전국,일반작물,겉보리,고정자본용역비,19234.0
전국,일반작물,겉보리,토지자본용역비,46366.0
전국,일반작물,겉보리,생산비,455315.0
전국,일반작물,겉보리,자가노동시간,5.0
전국,일반작물,겉보리,고용노동시간,0.0
전국,일반작물,겉보리,총노동시간,5.0
전국,일반작물,겉보리,소득,146604.0
전국,일반작물,겉보리,소득률,33.9
전국,일반작물,겉보리,순수익,-23331.0
전국,일반작물,겉보리,순수익율,-5.4
전국,일반작물,겉보리,부가가치,212517.0
전국,일반작물,겉보리,부가가치율,49.2
전국,일반작물,겉보리,토지생산성,489.0
전국,일반작물,겉보리,노동생산성,29321.0
전국,일반작물,겉보리,자본생산성,0.51
전국,일반작물,겉보리,kg당 경영비,562.0
전국,일반작물,겉보리,kg당 생산비,896.0
전국,일반작물,고구마,총수입,3528805.0
전국,일반작물,고구마,주산물가액,3480310.0
전국,일반작물,고구마,부산물가액,48495.0
전국,일반작물,고구마,주산물수량,1589.0
전국,일반작물,고구마,수취가격,2190.0
전국,일반작물,고구마,종자·종묘비,342309.0
전국,일반작물,고구마,보통(무기질)비료비,68100.0
전국,일반작물,고구마,부산물(유기질)비료비,59600.0
전국,일반작물,고구마,농약비,30835.0
전국,일반작물,고구마,수도광열비,53790.0
전국,일반작물,고구마,기타재료비,188693.0
전국,일반작물,고구마,소농구비,3765.0
전국,일반작물,고구마,대농구상각비,175241.0
전국,일반작물,고구마,영농시설상각비,87820.0
전국,일반작물,고구마,수리·유지비,22895.0
전국,일반작물,고구마,기타비용,8834.0
전국,일반작물,고구마,중간재비,1041882.0
전국,일반작물,고구마,농기계·시설임차료,14103.0
전국,일반작물,고구마,토지임차료,163408.0
전국,일반작물,고구마,위탁영농비,33165.0
전국,일반작물,고구마,고용노동비,508420.0
전국,일반작물,고구마,경영비,1760978.0
전국,일반작물,고구마,자가노동비,993636.0
전국,일반작물,고구마,유동자본용역비,24266.0
전국,일반작물,고구마,고정자본용역비,55115.0
전국,일반작물,고구마,토지자본용역비,125279.0
전국,일반작물,고구마,생산비,2959274.0
전국,일반작물,고구마,자가노동시간,48.0
전국,일반작물,고구마,고용노동시간,37.0
전국,일반작물,고구마,총노동시간,85.0
전국,일반작물,고구마,소득,1767827.0
전국,일반작물,고구마,소득률,50.1
전국,일반작물,고구마,순수익,569531.0
전국,일반작물,고구마,순수익율,16.1
전국,일반작물,고구마,부가가치,2486923.0
전국,일반작물,고구마,부가가치율,70.5
전국,일반작물,고구마,토지생산성,5893.0
전국,일반작물,고구마,노동생산성,20798.0
전국,일반작물,고구마,자본생산성,1.0
전국,일반작물,고구마,kg당 경영비,1108.0
전국,일반작물,고구마,kg당 생산비,1862.0
전국,일반작물,노지풋옥수수,총수입,1768997.0
전국,일반작물,노지풋옥수수,주산물가액,1762456.0
전국,일반작물,노지풋옥수수,부산물가액,6541.0
전국,일반작물,노지풋옥수수,주산물수량,2922.0
전국,일반작물,노지풋옥수수,수취가격,603.0
전국,일반작물,노지풋옥수수,종자·종묘비,52988.0
전국,일반작물,노지풋옥수수,보통(무기질)비료비,61944.0
전국,일반작물,노지풋옥수수,부산물(유기질)비료비,124488.0
전국,일반작물,노지풋옥수수,농약비,25876.0
전국,일반작물,노지풋옥수수,수도광열비,34948.0
전국,일반작물,노지풋옥수수,기타재료비,103263.0
전국,일반작물,노지풋옥수수,소농구비,3357.0
전국,일반작물,노지풋옥수수,대농구상각비,126504.0
전국,일반작물,노지풋옥수수,영농시설상각비,47485.0
전국,일반작물,노지풋옥수수,수리·유지비,10880.0
전국,일반작물,노지풋옥수수,기타비용,4642.0
전국,일반작물,노지풋옥수수,중간재비,596375.0
전국,일반작물,노지풋옥수수,농기계·시설임차료,6222.0
전국,일반작물,노지풋옥수수,토지임차료,69821.0
전국,일반작물,노지풋옥수수,위탁영농비,9484.0
전국,일반작물,노지풋옥수수,고용노동비,127685.0
전국,일반작물,노지풋옥수수,경영비,809587.0
전국,일반작물,노지풋옥수수,자가노동비,975791.0
전국,일반작물,노지풋옥수수,유동자본용역비,7229.0
전국,일반작물,노지풋옥수수,고정자본용역비,27945.0
전국,일반작물,노지풋옥수수,토지자본용역비,95455.0
전국,일반작물,노지풋옥수수,생산비,1916007.0
전국,일반작물,노지풋옥수수,자가노동시간,47.0
전국,일반작물,노지풋옥수수,고용노동시간,10.0
전국,일반작물,노지풋옥수수,총노동시간,57.0
전국,일반작물,노지풋옥수수,소득,959410.0
전국,일반작물,노지풋옥수수,소득률,54.2
전국,일반작물,노지풋옥수수,순수익,-147010.0
전국,일반작물,노지풋옥수수,순수익율,-8.3
전국,일반작물,노지풋옥수수,부가가치,1172622.0
전국,일반작물,노지풋옥수수,부가가치율,66.3
전국,일반작물,노지풋옥수수,토지생산성,3198.0
전국,일반작물,노지풋옥수수,노동생산성,16832.0
전국,일반작물,노지풋옥수수,자본생산성,1.19
전국,일반작물,노지풋옥수수,kg당 경영비,277.0
전국,일반작물,노지풋옥수수,kg당 생산비,656.0
전국,일반작물,들깨,총수입,1000192.0
전국,일반작물,들깨,주산물가액,999723.0
전국,일반작물,들깨,부산물가액,469.0
전국,일반작물,들깨,주산물수량,87.0
전국,일반작물,들깨,수취가격,11491.0
전국,일반작물,들깨,종자·종묘비,40333.0
전국,일반작물,들깨,보통(무기질)비료비,24717.0
전국,일반작물,들깨,부산물(유기질)비료비,34534.0
전국,일반작물,들깨,농약비,21189.0
전국,일반작물,들깨,수도광열비,20933.0
전국,일반작물,들깨,기타재료비,26157.0
전국,일반작물,들깨,소농구비,3544.0
전국,일반작물,들깨,대농구상각비,92654.0
전국,일반작물,들깨,영농시설상각비,20652.0
전국,일반작물,들깨,수리·유지비,2179.0
전국,일반작물,들깨,기타비용,1320.0
전국,일반작물,들깨,중간재비,288212.0
전국,일반작물,들깨,농기계·시설임차료,5906.0
전국,일반작물,들깨,토지임차료,52366.0
전국,일반작물,들깨,위탁영농비,6221.0
전국,일반작물,들깨,고용노동비,61749.0
전국,일반작물,들깨,경영비,414454.0
전국,일반작물,들깨,자가노동비,915331.0
전국,일반작물,들깨,유동자본용역비,3395.0
전국,일반작물,들깨,고정자본용역비,23351.0
전국,일반작물,들깨,토지자본용역비,108059.0
전국,일반작물,들깨,생산비,1464590.0
전국,일반작물,들깨,자가노동시간,43.0
전국,일반작물,들깨,고용노동시간,5.0
전국,일반작물,들깨,총노동시간,48.0
전국,일반작물,들깨,소득,585738.0
전국,일반작물,들깨,소득률,58.6
전국,일반작물,들깨,순수익,-464398.0
전국,일반작물,들깨,순수익율,-46.4
전국,일반작물,들깨,부가가치,711980.0
전국,일반작물,들깨,부가가치율,71.2
전국,일반작물,들깨,토지생산성,1952.0
전국,일반작물,들깨,노동생산성,12203.0
전국,일반작물,들깨,자본생산성,1.41
전국,일반작물,들깨,kg당 경영비,4764.0
전국,일반작물,들깨,kg당 생산비,16834.0
전국,일반작물,밀,총수입,461096.0
전국,일반작물,밀,주산물가액,460437.0
전국,일반작물,밀,부산물가액,659.0
전국,일반작물,밀,주산물수량,474.0
전국,일반작물,밀,수취가격,971.0
전국,일반작물,밀,종자·종묘비,29025.0
전국,일반작물,밀,보통(무기질)비료비,32448.0
전국,일반작물,밀,부산물(유기질)비료비,23126.0
전국,일반작물,밀,농약비,9111.0
전국,일반작물,밀,수도광열비,19160.0
전국,일반작물,밀,기타재료비,3584.0
전국,일반작물,밀,소농구비,147.0
전국,일반작물,밀,대농구상각비,65594.0
전국,일반작물,밀,영농시설상각비,4562.0
전국,일반작물,밀,수리·유지비,6983.0
전국,일반작물,밀,기타비용,1805.0
전국,일반작물,밀,중간재비,195545.0
전국,일반작물,밀,농기계·시설임차료,1856.0
전국,일반작물,밀,토지임차료,54157.0
전국,일반작물,밀,위탁영농비,22784.0
전국,일반작물,밀,고용노동비,5383.0
전국,일반작물,밀,경영비,279725.0
전국,일반작물,밀,자가노동비,63981.0
전국,일반작물,밀,유동자본용역비,3773.0
전국,일반작물,밀,고정자본용역비,14537.0
전국,일반작물,밀,토지자본용역비,41814.0
전국,일반작물,밀,생산비,403830.0
전국,일반작물,밀,자가노동시간,3.0
전국,일반작물,밀,고용노동시간,0.0
전국,일반작물,밀,총노동시간,3.0
전국,일반작물,밀,소득,181371.0
전국,일반작물,밀,소득률,39.3
전국,일반작물,밀,순수익,57266.0
전국,일반작물,밀,순수익율,12.4
전국,일반작물,밀,부가가치,265551.0
전국,일반작물,밀,부가가치율,57.6
전국,일반작물,밀,토지생산성,605.0
전국,일반작물,밀,노동생산성,60457.0
전국,일반작물,밀,자본생산성,0.65
전국,일반작물,밀,kg당 경영비,590.0
전국,일반작물,밀,kg당 생산비,852.0
전국,일반작물,봄감자,총수입,2195037.0
전국,일반작물,봄감자,주산물가액,2195037.0
전국,일반작물,봄감자,부산물가액,0.0
전국,일반작물,봄감자,주산물수량,2174.0
전국,일반작물,봄감자,수취가격,1010.0
전국,일반작물,봄감자,종자·종묘비,221605.0
전국,일반작물,봄감자,보통(무기질)비료비,76646.0
전국,일반작물,봄감자,부산물(유기질)비료비,138814.0
전국,일반작물,봄감자,농약비,48264.0
전국,일반작물,봄감자,수도광열비,32147.0
전국,일반작물,봄감자,기타재료비,122718.0
전국,일반작물,봄감자,소농구비,1921.0
전국,일반작물,봄감자,대농구상각비,162896.0
전국,일반작물,봄감자,영농시설상각비,32762.0
전국,일반작물,봄감자,수리·유지비,11509.0
전국,일반작물,봄감자,기타비용,3865.0
전국,일반작물,봄감자,중간재비,853147.0
전국,일반작물,봄감자,농기계·시설임차료,7544.0
전국,일반작물,봄감자,토지임차료,83987.0
전국,일반작물,봄감자,위탁영농비,25483.0
전국,일반작물,봄감자,고용노동비,322825.0
전국,일반작물,봄감자,경영비,1292986.0
전국,일반작물,봄감자,자가노동비,702426.0
전국,일반작물,봄감자,유동자본용역비,11320.0
전국,일반작물,봄감자,고정자본용역비,35762.0
전국,일반작물,봄감자,토지자본용역비,78748.0
전국,일반작물,봄감자,생산비,2121242.0
전국,일반작물,봄감자,자가노동시간,35.0
전국,일반작물,봄감자,고용노동시간,24.0
전국,일반작물,봄감자,총노동시간,59.0
전국,일반작물,봄감자,소득,902051.0
전국,일반작물,봄감자,소득률,41.1
전국,일반작물,봄감자,순수익,73795.0
전국,일반작물,봄감자,순수익율,3.4
전국,일반작물,봄감자,부가가치,1341890.0
전국,일반작물,봄감자,부가가치율,61.1
전국,일반작물,봄감자,토지생산성,3007.0
전국,일반작물,봄감자,노동생산성,15289.0
전국,일반작물,봄감자,자본생산성,0.7
전국,일반작물,봄감자,kg당 경영비,595.0
전국,일반작물,봄감자,kg당 생산비,976.0
전국,일반작물,쌀보리,총수입,526245.0
전국,일반작물,쌀보리,주산물가액,525372.0
전국,일반작물,쌀보리,부산물가액,873.0
전국,일반작물,쌀보리,주산물수량,443.0
전국,일반작물,쌀보리,수취가격,1186.0
전국,일반작물,쌀보리,종자·종묘비,29938.0
전국,일반작물,쌀보리,보통(무기질)비료비,36394.0
전국,일반작물,쌀보리,부산물(유기질)비료비,11085.0
전국,일반작물,쌀보리,농약비,11163.0
전국,일반작물,쌀보리,수도광열비,17618.0
전국,일반작물,쌀보리,기타재료비,5357.0
전국,일반작물,쌀보리,소농구비,405.0
전국,일반작물,쌀보리,대농구상각비,95245.0
전국,일반작물,쌀보리,영농시설상각비,9938.0
전국,일반작물,쌀보리,수리·유지비,4543.0
전국,일반작물,쌀보리,기타비용,267.0
전국,일반작물,쌀보리,중간재비,221953.0
전국,일반작물,쌀보리,농기계·시설임차료,2730.0
전국,일반작물,쌀보리,토지임차료,40152.0
전국,일반작물,쌀보리,위탁영농비,26821.0
전국,일반작물,쌀보리,고용노동비,6235.0
전국,일반작물,쌀보리,경영비,297891.0
전국,일반작물,쌀보리,자가노동비,74445.0
전국,일반작물,쌀보리,유동자본용역비,3511.0
전국,일반작물,쌀보리,고정자본용역비,23388.0
전국,일반작물,쌀보리,토지자본용역비,58082.0
전국,일반작물,쌀보리,생산비,457317.0
전국,일반작물,쌀보리,자가노동시간,4.0
전국,일반작물,쌀보리,고용노동시간,0.0
전국,일반작물,쌀보리,총노동시간,4.0
전국,일반작물,쌀보리,소득,228354.0
전국,일반작물,쌀보리,소득률,43.4
전국,일반작물,쌀보리,순수익,68928.0
전국,일반작물,쌀보리,순수익율,13.1
전국,일반작물,쌀보리,부가가치,304292.0
전국,일반작물,쌀보리,부가가치율,57.8
전국,일반작물,쌀보리,토지생산성,761.0
전국,일반작물,쌀보리,노동생산성,57088.0
전국,일반작물,쌀보리,자본생산성,0.77
전국,일반작물,쌀보리,kg당 경영비,672.0
전국,일반작물,쌀보리,kg당 생산비,1032.0
전국,일반작물,인삼(4년근),총수입,15285317.0
전국,일반작물,인삼(4년근),주산물가액,15280386.0
전국,일반작물,인삼(4년근),부산물가액,4931.0
전국,일반작물,인삼(4년근),주산물수량,662.0
전국,일반작물,인삼(4년근),수취가격,23082.0
전국,일반작물,인삼(4년근),종자·종묘비,400316.0
전국,일반작물,인삼(4년근),보통(무기질)비료비,98553.0
전국,일반작물,인삼(4년근),부산물(유기질)비료비,484946.0
전국,일반작물,인삼(4년근),농약비,507978.0
전국,일반작물,인삼(4년근),수도광열비,174561.0
전국,일반작물,인삼(4년근),기타재료비,544284.0
전국,일반작물,인삼(4년근),소농구비,6482.0
전국,일반작물,인삼(4년근),대농구상각비,1199289.0
전국,일반작물,인삼(4년근),영농시설상각비,483666.0
전국,일반작물,인삼(4년근),수리·유지비,57623.0
전국,일반작물,인삼(4년근),기타비용,47971.0
전국,일반작물,인삼(4년근),중간재비,4005669.0
전국,일반작물,인삼(4년근),농기계·시설임차료,19150.0
전국,일반작물,인삼(4년근),토지임차료,706743.0
전국,일반작물,인삼(4년근),위탁영농비,69542.0
전국,일반작물,인삼(4년근),고용노동비,1635774.0
전국,일반작물,인삼(4년근),경영비,6436878.0
전국,일반작물,인삼(4년근),자가노동비,1731430.0
전국,일반작물,인삼(4년근),유동자본용역비,500943.0
전국,일반작물,인삼(4년근),고정자본용역비,50230.0
전국,일반작물,인삼(4년근),토지자본용역비,166363.0
전국,일반작물,인삼(4년근),생산비,8885844.0
전국,일반작물,인삼(4년근),자가노동시간,84.0
전국,일반작물,인삼(4년근),고용노동시간,119.0
전국,일반작물,인삼(4년근),총노동시간,203.0
전국,일반작물,인삼(4년근),소득,8848439.0
전국,일반작물,인삼(4년근),소득률,57.9
전국,일반작물,인삼(4년근),순수익,6399473.0
전국,일반작물,인삼(4년근),순수익율,41.9
전국,일반작물,인삼(4년근),부가가치,11279648.0
전국,일반작물,인삼(4년근),부가가치율,73.8
전국,일반작물,인삼(4년근),토지생산성,29495.0
전국,일반작물,인삼(4년근),노동생산성,43588.0
전국,일반작물,인삼(4년근),자본생산성,1.37
전국,일반작물,인삼(4년근),kg당 경영비,9723.0
전국,일반작물,인삼(4년근),kg당 생산비,13423.0
전국,일반작물,참깨,총수입,1447653.0
전국,일반작물,참깨,주산물가액,1447098.0
전국,일반작물,참깨,부산물가액,555.0
전국,일반작물,참깨,주산물수량,68.0
전국,일반작물,참깨,수취가격,21281.0
전국,일반작물,참깨,종자·종묘비,48245.0
전국,일반작물,참깨,보통(무기질)비료비,30510.0
전국,일반작물,참깨,부산물(유기질)비료비,48837.0
전국,일반작물,참깨,농약비,55236.0
전국,일반작물,참깨,수도광열비,21935.0
전국,일반작물,참깨,기타재료비,49366.0
전국,일반작물,참깨,소농구비,3972.0
전국,일반작물,참깨,대농구상각비,124198.0
전국,일반작물,참깨,영농시설상각비,19231.0
전국,일반작물,참깨,수리·유지비,5722.0
전국,일반작물,참깨,기타비용,3880.0
전국,일반작물,참깨,중간재비,411132.0
전국,일반작물,참깨,농기계·시설임차료,2234.0
전국,일반작물,참깨,토지임차료,46144.0
전국,일반작물,참깨,위탁영농비,17491.0
전국,일반작물,참깨,고용노동비,91476.0
전국,일반작물,참깨,경영비,568477.0
전국,일반작물,참깨,자가노동비,1350632.0
전국,일반작물,참깨,유동자본용역비,4094.0
전국,일반작물,참깨,고정자본용역비,24363.0
전국,일반작물,참깨,토지자본용역비,115641.0
전국,일반작물,참깨,생산비,2063207.0
전국,일반작물,참깨,자가노동시간,66.0
전국,일반작물,참깨,고용노동시간,7.0
전국,일반작물,참깨,총노동시간,73.0
전국,일반작물,참깨,소득,879176.0
전국,일반작물,참깨,소득률,60.7
전국,일반작물,참깨,순수익,-615554.0
전국,일반작물,참깨,순수익율,-42.5
전국,일반작물,참깨,부가가치,1036521.0
전국,일반작물,참깨,부가가치율,71.6
전국,일반작물,참깨,토지생산성,2931.0
전국,일반작물,참깨,노동생산성,12044.0
전국,일반작물,참깨,자본생산성,1.55
전국,일반작물,참깨,kg당 경영비,8360.0
전국,일반작물,참깨,kg당 생산비,30341.0
